NAME:;Puylaurens;-;France;;;;;;;;;;;;;;;;;;;;;
ELEV:;320;m√®tres;LAT:;43-33.94;N;LONG:;002-01.84;E;;;;;;;;;;;;;;;;
;;;;;;;;;;;;;;;;;;;;;;;;
DAY;T_MEAN;T_HIGH;TIME;T_LOW;TIME;HEAT_DEG_DAYS;COOL_DEG_DAYS;RAIN;AVG_WIND_SPEED;HIGH;TIME;DOM_DIR;Temp_Max;Temp_Moy ;Temp_Min;Humidite_Max [%];Humidite_Moy [%];Humidite_Min [%];V_vents_Max [km/h];V_vents_Moy  [km/h];V_vents_Min  [km/h];Pression_Max [hPa];Pression_Min [hPa];Precipitation [mm]
01/03/21;;;;;;;;;;;;;;;;;;;;;;;;
02/03/21;;;;;;;;;;;;;;;;;;;;;;;;
03/03/21;;;;;;;;;;;;;;;;;;;;;;;;
04/03/21;;;;;;;;;;;;;;;;;;;;;;;;
05/03/21;;;;;;;;;;;;;;;;;;;;;;;;
06/03/21;8.6;12;12:40;5.1;06:35;9.8;0;0;1;11.2;13:10;335;;;;;;;;;;;;
07/03/21;8.7;10.8;15:45;6.3;06:00;9.6;0;1.8;1.3;8.6;00:20;321;;;;;;;;;;;;
08/03/21;9.3;13.9;15:05;7.5;05:35;9;0;2.1;3.4;26.3;17:00;292;;;;;;;;;;;;
09/03/21;7.2;11;14:10;3.4;08:05;11.2;0;0;7.3;35.3;16:15;295;;;;;;;;;;;;
10/03/21;7.4;13;16:05;0.3;07:40;10.9;0;0;2;13.3;01:20;316;;;;;;;;;;;;
11/03/21;12.8;18.5;14:05;9;07:50;5.5;0;0;4;37.4;19:30;318;;;;;;;;;;;;
12/03/21;9.8;13.6;15:05;6.7;00:00;8.6;0;0.3;10.2;43.9;15:15;274;;;;;;;;;;;;
13/03/21;9.6;14.7;14:15;4.9;04:35;8.7;0;0;12.2;50.8;20:20;264;;;;;;;;;;;;
14/03/21;7.7;10.5;16:40;5.1;08:05;10.6;0;4.4;11.2;46.4;15:15;295;;;;;;;;;;;;
15/03/21;7.5;10.5;15:50;5.4;03:35;10.8;0;1.5;15.9;46.4;14:40;280;;;;;;;;;;;;
16/03/21;9.2;12;15:35;7;07:45;9.1;0;0;11.8;39.6;01:15;296;;;;;;;;;;;;
17/03/21;8.6;10.3;13:30;6.1;00:00;9.8;0;2.3;13.9;57.2;10:05;300;;;;;;;;;;;;
18/03/21;5.3;8;11:50;2.2;07:45;13;0;0;7.2;28.8;16:30;321;;;;;;;;;;;;
19/03/21;3.9;7.6;16:50;2.4;21:00;14.4;0;3.9;5.3;31;05:10;280;;;;;;;;;;;;
20/03/21;4.6;10.2;14:10;-0.4;07:00;13.7;0;0;5.5;39.6;17:35;299;;;;;;;;;;;;
21/03/21;6.1;11.6;14:45;1.2;07:35;12.3;0;0;11.1;50.8;17:35;297;;;;;;;;;;;;
22/03/21;7.8;12.2;16:25;3.9;06:50;10.5;0;0;10.7;37.4;20:55;300;;;;;;;;;;;;
23/03/21;9.2;14.9;14:15;3;06:35;9.2;0;0;2.5;19.8;04:55;313;;;;;;;;;;;;
24/03/21;12.6;18.7;15:25;5.9;06:55;5.7;0;0;2.9;26.3;23:40;313;;;;;;;;;;;;
25/03/21;10.1;14;15:30;7.4;05:30;8.2;0;0;3.5;28.8;00:20;308;;;;;;;;;;;;
26/03/21;12.4;21.2;14:20;5.9;06:25;5.9;0;0.8;4.6;22;16:05;295;;;;;;;;;;;;
27/03/21;10.9;15.4;15:05;7.3;07:30;7.4;0;0;4.4;31;10:30;317;;;;;;;;;;;;
28/03/21;13.2;20;15:05;6.5;05:50;5.1;0;0;3.9;22;22:40;85;;;;;;;;;;;;
29/03/21;15.1;22.5;14:35;10.1;07:25;3.3;0;0;7.9;33.1;05:30;89;;;;;;;;;;;;
30/03/21;16.8;23.9;14:15;11.7;07:35;1.5;0;0;7.9;26.3;22:50;82;;;;;;;;;;;;
31/03/21;17.3;25.4;14:40;12.8;07:40;1;0;0;8.8;31;19:25;81;;;;;;;;;;;;
01/04/21;15.6;22.8;15:40;10.5;07:55;2.7;0;0;7.5;35.3;06:55;87;;;;;;;;;;;;
02/04/21;15.7;23.1;15:30;8.6;08:20;2.6;0;0;5.6;31;00:40;91;;;;;;;;;;;;
03/04/21;14.4;20;16:15;10.1;00:00;3.9;0;0;7;39.6;19:25;285;;;;;;;;;;;;
04/04/21;11.2;16.9;16:05;4.6;07:45;7.2;0;0;5.1;22;14:15;297;;;;;;;;;;;;
05/04/21;11.6;18;16:10;5.5;07:20;6.7;0;0;6;35.3;17:45;283;;;;;;;;;;;;
06/04/21;8.8;12;16:05;4.5;00:00;9.5;0;0;12.2;48.6;14:00;302;;;;;;;;;;;;
07/04/21;6.3;12.3;16:35;0.5;07:15;12.1;0;0;4.1;28.8;12:20;336;;;;;;;;;;;;
08/04/21;11.1;19.7;14:25;4.4;07:25;7.3;0;0;5.7;22;00:55;93;;;;;;;;;;;;
09/04/21;11.8;17.6;14:10;9.1;02:40;6.5;0;0.5;9.7;37.4;12:50;102;;;;;;;;;;;;
10/04/21;12.5;17;15:10;9;04:20;5.9;0;0;5.3;26.3;13:40;103;;;;;;;;;;;;
11/04/21;9.7;14.3;10:55;6.7;22:05;8.6;0;8.5;5.6;37.4;13:35;307;;;;;;;;;;;;
12/04/21;7.2;12.2;15:15;3.6;08:10;11.1;0;0.3;7.5;35.3;18:10;303;;;;;;;;;;;;
13/04/21;8.7;15.2;15:55;1.7;07:15;9.7;0;0;2.6;22;17:20;342;;;;;;;;;;;;
14/04/21;10.7;16.7;15:20;3.9;07:15;7.7;0;0;3.2;22;14:10;353;;;;;;;;;;;;
15/04/21;10.6;16.7;15:40;4.2;06:15;7.7;0;0;3.4;28.8;15:10;334;;;;;;;;;;;;
16/04/21;8.3;13.9;15:55;2.7;07:30;10;0;0;4.4;35.3;18:20;316;;;;;;;;;;;;
17/04/21;7.3;13.1;17:05;1.6;07:40;11;0;0;7.5;39.6;17:10;288;;;;;;;;;;;;
18/04/21;9.8;14.9;16:45;5;07:30;8.5;0;0;8.9;35.3;01:15;282;;;;;;;;;;;;
19/04/21;12.6;19;16:35;5.9;07:15;5.7;0;0;2.4;15.5;15:15;334;;;;;;;;;;;;
20/04/21;16.4;22;15:30;10.2;08:30;2;0;0;2.5;13.3;18:20;133;;;;;;;;;;;;
21/04/21;14;20.2;13:40;10.4;07:15;4.3;0;0;5.5;28.8;14:45;127;;;;;;;;;;;;
22/04/21;14.1;21;13:40;9.3;06:20;4.2;0;0;5.8;26.3;14:35;113;;;;;;;;;;;;
23/04/21;17;24.6;13:15;10.8;06:45;1.4;0;0;6.5;33.1;16:15;108;;;;;;;;;;;;
24/04/21;18.5;25.1;14:35;13.1;07:35;0;0.2;0;11.4;74.9;02:05;120;;;;;;;;;;;;
25/04/21;15.2;18.4;17:15;11.7;06:30;3.2;0;0;4.4;26.3;21:40;74;;;;;;;;;;;;
26/04/21;14.1;16.7;15:40;11;23:45;4.2;0;1.3;4.3;31;02:35;88;;;;;;;;;;;;
27/04/21;12.9;16.7;13:50;10.3;06:05;5.4;0;2.1;1.8;13.3;01:25;50;;;;;;;;;;;;
28/04/21;12;13.9;14:10;10.8;09:20;6.3;0;3.1;2.2;17.6;08:55;256;;;;;;;;;;;;
29/04/21;11.8;14.9;18:10;9.6;10:00;6.6;0;1.3;2.5;17.6;14:15;315;;;;;;;;;;;;
30/04/21;11.4;14.5;13:15;8.9;06:50;6.9;0;2.6;2.4;17.6;12:25;326;;;;;;;;;;;;
01/05/21;9.4;13.3;16:45;8;10:40;8.9;0;11.6;6.3;31;17:10;285;;;;;;;;;;;;
02/05/21;10.9;16.3;16:10;5.6;07:00;7.4;0;0;4.6;35.3;00:10;287;;;;;;;;;;;;
03/05/21;13.5;19.3;14:30;6.9;06:40;4.8;0;0;2;19.8;14:55;339;;;;;;;;;;;;
04/05/21;15.7;22.2;14:45;9.5;06:30;2.7;0;0;3.9;26.3;23:40;291;;;;;;;;;;;;
05/05/21;13.7;17.3;15:30;10.7;07:15;4.7;0;1.5;6.9;31;12:35;292;;;;;;;;;;;;
06/05/21;15.6;22.5;13:00;10.4;07:05;2.7;0;0;3.6;33.1;16:35;292;;;;;;;;;;;;
07/05/21;14.4;17.2;17:45;12.3;06:50;3.9;0;5.4;6.4;26.3;16:15;291;;;;;;;;;;;;
08/05/21;19.3;29.4;15:30;11.8;05:50;0;1;0;4.4;37.4;22:35;90;;;;;;;;;;;;
09/05/21;17;19.3;11:20;15.3;23:40;1.4;0;0;10.9;66.2;14:00;111;;;;;;;;;;;;
10/05/21;15.2;18.9;17:35;11.4;08:40;3.2;0;0.3;2.9;22;04:20;334;;;;;;;;;;;;
11/05/21;11;14;15:20;9.1;11:45;7.3;0;6.5;6.7;41.8;02:45;287;;;;;;;;;;;;
12/05/21;13;21.8;14:50;8.1;06:20;5.4;0;2.1;4.2;41.8;17:45;279;;;;;;;;;;;;
13/05/21;12.6;19.7;14:45;7.2;06:15;5.7;0;7.5;4.3;26.3;19:05;280;;;;;;;;;;;;
14/05/21;11.6;15.4;16:50;8.9;06:20;6.7;0;11.9;7.3;43.9;15:05;294;;;;;;;;;;;;
15/05/21;13.3;16.5;17:55;10.4;06:25;5;0;2.6;1.9;15.5;18:05;185;;;;;;;;;;;;
16/05/21;13.5;15.6;14:10;10.6;00:00;4.8;0;16.8;5;39.6;18:15;256;;;;;;;;;;;;
17/05/21;12.6;17.3;14:40;9.5;06:40;5.8;0;0.3;10;46.4;14:30;285;;;;;;;;;;;;
18/05/21;12.5;19.6;14:40;9.4;07:15;5.8;0;0.5;3.4;35.3;16:50;328;;;;;;;;;;;;
19/05/21;12.2;16.6;16:15;9.1;07:20;6.1;0;1.8;8.3;41.8;17:35;300;;;;;;;;;;;;
20/05/21;14.9;21.6;16:10;7.9;06:30;3.5;0;0;2.2;17.6;00:10;338;;;;;;;;;;;;
21/05/21;15.5;21;17:05;10.2;21:15;2.8;0;1;3.8;37.4;19:35;311;;;;;;;;;;;;
22/05/21;12.5;18;15:45;9.1;05:35;5.8;0;0;3.4;22;17:20;299;;;;;;;;;;;;
23/05/21;12.9;17.3;17:30;8.7;06:35;5.4;0;0;2.6;15.5;00:10;301;;;;;;;;;;;;
24/05/21;13.1;17.5;10:40;9.6;06:40;5.2;0;0;6.2;35.3;19:25;283;;;;;;;;;;;;
25/05/21;13.3;18.6;16:05;8.9;07:00;5;0;0.5;6.3;35.3;03:25;298;;;;;;;;;;;;
26/05/21;14.6;20.2;15:10;8.6;06:50;3.7;0;1.3;3.4;17.6;01:35;326;;;;;;;;;;;;
27/05/21;17.8;24.7;16:10;10.9;06:00;0.5;0;0;2;17.6;15:55;346;;;;;;;;;;;;
28/05/21;20.9;28.3;14:00;14.5;06:40;0;2.6;0;2.3;15.5;04:15;171;;;;;;;;;;;;
29/05/21;20.2;24.5;13:20;17;05:00;0;1.8;0.3;3.9;28.8;14:35;283;;;;;;;;;;;;
30/05/21;20.2;26.7;16:00;14.3;06:50;0;1.8;0.3;2.5;19.8;01:30;288;;;;;;;;;;;;
31/05/21;21.7;29.8;14:25;16.1;06:40;0;3.4;0;2.7;19.8;14:30;114;;;;;;;;;;;;
01/06/21;19.1;26.2;14:30;15.4;00:00;0;0.8;0.3;4.3;26.3;03:05;102;;;;;;;;;;;;
02/06/21;18.7;25.8;14:55;15.2;01:50;0;0.4;0;3.5;24.1;19:00;86;;;;;;;;;;;;
03/06/21;20.5;27.4;13:30;16.4;01:55;0;2.1;0;4;22;00:05;89;;;;;;;;;;;;
04/06/21;17.3;21.1;11:00;14.3;23:30;1.1;0;10.3;3;22;18:55;323;;;;;;;;;;;;
05/06/21;17.1;23;16:50;13.4;06:25;1.2;0;0;3.3;19.8;18:35;317;;;;;;;;;;;;
06/06/21;18.1;22.9;17:40;12.9;06:55;0.2;0;0;5.2;28.8;12:50;309;;;;;;;;;;;;
07/06/21;19.1;24.2;15:30;13.8;06:00;0;0.7;0;4.7;28.8;14:40;312;;;;;;;;;;;;
08/06/21;21.4;27.7;14:35;15.3;06:30;0;3;0;2.7;22;15:10;324;;;;;;;;;;;;
09/06/21;22.3;28.2;16:20;15.6;06:45;0;4;0;3.7;28.8;18:20;316;;;;;;;;;;;;
10/06/21;23.1;29.1;16:40;16.3;06:50;0;4.8;0;3.4;19.8;13:00;313;;;;;;;;;;;;
11/06/21;23.7;29.1;16:45;18.2;06:15;0;5.4;0;3.9;33.1;14:25;298;;;;;;;;;;;;
12/06/21;22.1;27.2;18:15;17.5;08:35;0;3.8;0;3;22;16:20;306;;;;;;;;;;;;
13/06/21;26;32.4;15:30;19.8;06:30;0;7.7;0;2.7;24.1;14:00;317;;;;;;;;;;;;
14/06/21;26.6;32.7;14:35;20.7;06:05;0;8.3;0;3.6;26.3;13:45;315;;;;;;;;;;;;
15/06/21;26.7;33.1;15:15;20.3;06:55;0;8.4;0;2.8;19.8;02:20;295;;;;;;;;;;;;
16/06/21;27.7;35.6;13:50;21.8;06:05;0;9.4;0;4.6;26.3;22:10;116;;;;;;;;;;;;
17/06/21;21.9;25.8;15:45;16.8;18:15;0;3.5;26.6;7.9;55.1;16:10;121;;;;;;;;;;;;
18/06/21;21.9;29.7;15:35;16.1;02:15;0;3.6;0.3;2.9;22;20:25;23;;;;;;;;;;;;
19/06/21;22.8;28;13:50;18.9;06:30;0;4.5;0;4.8;28.8;00:50;63;;;;;;;;;;;;
20/06/21;21.4;28.3;15:50;18;18:50;0;3;8.8;4;59.4;18:35;31;;;;;;;;;;;;
21/06/21;19.9;28.2;14:50;14.8;07:00;0;1.6;11.1;4.4;39.6;16:55;333;;;;;;;;;;;;
22/06/21;17.9;23.6;15:05;13.6;04:45;0.4;0;10.8;2.6;31;20:10;281;;;;;;;;;;;;
23/06/21;16.6;20.3;17:30;14.2;23:10;1.7;0;5.9;5;33.1;18:40;269;;;;;;;;;;;;
24/06/21;16.9;21.6;17:15;13.6;06:35;1.5;0;1;5.8;28.8;14:50;287;;;;;;;;;;;;
25/06/21;19.3;25.1;15:00;13.8;06:35;0;1;0;2.5;24.1;15:10;333;;;;;;;;;;;;
26/06/21;22.6;30.3;15:55;16.1;05:55;0;4.3;7.5;2.6;39.6;22:35;89;;;;;;;;;;;;
27/06/21;18.4;21.9;12:20;16.5;04:55;0;0.1;2.8;3.2;19.8;00:35;331;;;;;;;;;;;;
28/06/21;16.8;20.9;17:50;13.1;07:25;1.5;0;1.8;2.9;24.1;00:25;321;;;;;;;;;;;;
29/06/21;17.8;22.3;15:20;14.2;06:40;0.6;0;0.5;6.7;33.1;17:30;278;;;;;;;;;;;;
30/06/21;18;23.3;15:15;13.5;06:20;0.3;0;0;4.4;24.1;02:20;304;;;;;;;;;;;;
01/07/21;21.7;28.2;15:10;15.6;06:00;0;3.3;0;2.3;17.6;11:40;354;;;;;;;;;;;;
02/07/21;24.3;30.5;15:25;17.9;06:20;0;6;0;2.1;13.3;15:25;2;;;;;;;;;;;;
03/07/21;22.2;25.1;17:35;20.1;07:30;0;3.9;0.3;2.3;22;12:55;353;;;;;;;;;;;;
04/07/21;20.3;23.6;15:40;18.1;07:40;0;2;13.2;3.5;24.1;17:50;324;;;;;;;;;;;;
05/07/21;23.1;30.9;15:45;16.2;04:55;0;4.8;0;2.7;22;18:05;90;;;;;;;;;;;;
06/07/21;19.9;22.4;14:20;17.1;07:50;0;1.5;0.5;3;31;06:55;339;;;;;;;;;;;;
07/07/21;18.9;25.3;15:55;14.6;23:55;0;0.5;2.6;5.2;39.6;19:50;311;;;;;;;;;;;;
08/07/21;17.6;23;16:30;13.6;07:40;0.8;0;0.3;5.3;26.3;14:05;312;;;;;;;;;;;;
09/07/21;20;25.7;16:00;14.3;07:35;0;1.6;0;2.3;19.8;16:25;332;;;;;;;;;;;;
10/07/21;21.5;28.1;14:30;16.1;07:00;0;3.2;0;4.7;31;19:40;308;;;;;;;;;;;;
11/07/21;23.3;31;16:10;16.5;06:25;0;5;1;2.9;24.1;23:30;39;;;;;;;;;;;;
12/07/21;17.2;22.5;01:10;13.9;00:00;1.2;0;3.1;5.7;33.1;15:20;290;;;;;;;;;;;;
13/07/21;14.6;18.2;17:10;12.3;03:40;3.8;0;6.2;11.9;43.9;18:00;273;;;;;;;;;;;;
14/07/21;15.6;20.3;15:05;13.4;07:10;2.7;0;3.4;11.6;43.9;02:20;273;;;;;;;;;;;;
15/07/21;17.4;21.7;17:10;14.1;06:25;0.9;0;0;6.7;31;15:45;295;;;;;;;;;;;;
16/07/21;19.8;24.1;17:25;15.7;07:25;0;1.5;0;5.7;26.3;15:00;299;;;;;;;;;;;;
17/07/21;21.4;26.9;15:35;15.5;06:30;0;3.1;0;4.4;31;16:20;322;;;;;;;;;;;;
18/07/21;22.7;28.6;17:35;16.6;06:35;0;4.4;0;5.5;26.3;19:35;303;;;;;;;;;;;;
19/07/21;24.7;30.8;13:50;18.4;06:55;0;6.4;0;3;24.1;00:25;313;;;;;;;;;;;;
20/07/21;27.4;35;14:30;20.9;06:55;0;9;0;2.2;13.3;05:50;119;;;;;;;;;;;;
21/07/21;25.3;30.7;17:30;20.9;06:55;0;7;0;2.3;13.3;07:40;287;;;;;;;;;;;;
22/07/21;27.9;35.6;15:50;21.7;07:15;0;9.6;0;2.1;15.5;13:10;82;;;;;;;;;;;;
23/07/21;27.8;35.4;13:15;21.6;08:20;0;9.5;0;4.3;37.4;21:10;349;;;;;;;;;;;;
24/07/21;22;25.8;16:55;18.6;08:15;0;3.7;0;4.9;22;00:25;308;;;;;;;;;;;;
25/07/21;21.1;25.6;17:45;16.4;06:40;0;2.7;0;3.8;22;23:40;308;;;;;;;;;;;;
26/07/21;21;26.1;17:15;17;07:20;0;2.7;0.3;4.5;22;12:20;317;;;;;;;;;;;;
27/07/21;22.6;30.9;16:00;16.9;07:50;0;4.3;0;3.6;28.8;18:25;330;;;;;;;;;;;;
28/07/21;19.7;23.5;14:15;15.8;06:30;0;1.4;15;3.1;22;00:05;332;;;;;;;;;;;;
29/07/21;22.7;29.4;16:40;16.5;06:25;0;4.4;0;2.3;15.5;13:05;341;;;;;;;;;;;;
30/07/21;20.6;22.9;00:10;18.7;00:00;0;2.3;1.5;3.8;22;13:40;313;;;;;;;;;;;;
31/07/21;15.9;18.7;00:00;13.1;16:52;2.4;0;1;4.9;39.6;13:15;313;;;;;;;;;;;;
01/08/21;17.2;22.6;16:12;13.8;06:35;1.1;0;0.3;6.6;26.3;12:12;296;22.6;17.2;13.8;95;77;51;11.4;6.6;1.9;1017.9;1015.2;0.3
02/08/21;19.1;25.4;16:01;13.5;06:50;0;0.7;0;2.7;17.6;17:43;320;25.4;19.1;13.6;89;69;47;7.7;2.7;0;1019;1015.9;0
03/08/21;20.3;25.5;16:53;15.1;06:05;0;2;0.3;2.7;22;20:01;338;25.4;20.3;15.1;82;69;56;8.4;2.7;0;1018.3;1013.9 ;0.3
04/08/21;19;22.9;17:10;16.9;06:49;0;0.6;15.2;6;43.9;18:37;278;22.9;18.9;16.9;95;82;58;19.3;6;0;1017.9;1012.9;15.2
05/08/21;20.1;25.8;17:39;15.3;06:55;0;1.8;0;2.5;19.8;00:05;297;25.7;20.1;15.3;91;74;55;9.2;2.6;0;1018.3;1011.5;0
06/08/21;20;22.8;16:27;17.9;07:38;0;1.7;0;3.1;28.8;02:24;324;22.7;20.1;17.9;84;75;66;9.5;3.1;0;1013.9;1009.5;0
07/08/21;18.7;23.8;12:14;16.1;04:54;0;0.4;0.5;4.3;26.3;17:28;313;23.7;18.7;16.1;92;80;63;13.4;4.2;0;1015.6;1007.5;0.5
08/08/21;18.7;24.7;16:18;14.6;06:30;0;0.4;0.3;3.5;22;03:25;291;24.6;18.7;14.6;88;71;50;11.6;3.5;0;1019.3;1015.9;0.3
09/08/21;22.5;31;15:15;15.2;06:36;0;4.2;0;2.4;15.5;04:37;66;30.9;22.5;15.2;76;59;43;6.9;2.4;0;1019.3;1015.6;0
10/08/21;24.8;32.6;16:15;18;07:48;0;6.5;0;2.2;19.8;19:08;346;32.6;24.8;18.1;71;58;46;7.6;2.3;0;1017.9;1014.6;0
11/08/21;26.6;33.7;16:33;20.1;07:15;0;8.2;0;1.6;13.3;19:48;326;33.7;26.2;20.1;85;67;49;4;1.4;0;1019;1014.6;0
12/08/21;28.7;36;15:57;22.4;06:27;0;10.3;0;2.5;35.3;23:48;353;36;28.7;22.4;82;62;39;14;2.4;0;1021;1014.6;0
13/08/21;23.1;26.5;18:20;20.1;07:04;0;4.8;0;2.7;26.3;00:00;316;26.5;23.1;20.2;91;82;73;13.2;2.7;0.2;1024;1020.7;0
14/08/21;27.5;35.6;15:19;20.8;06:54;0;9.2;0;1.8;15.5;22:13;243;35.5;27.5;20.9;94;71;48;9.2;1.8;0;1021.3;1015.2;0
15/08/21;24.2;28;14:15;21.1;23:43;0;5.8;0;5.2;28.8;20:32;301;28;24.2;21.1;84;74;58;13;5.1;0.2;1020.7;1017.3;0
16/08/21;19.6;23.2;14:58;16.1;07:14;0;1.3;0;8;35.3;16:25;315;23.1;19.6;16.2;93;72;49;15.3;7.9;3.1;1023.7;1020.7;0
17/08/21;19;23.9;16:07;15;07:35;0;0.7;0;8.2;37.4;14:56;306;23.8;19;15;85;67;46;18.3;8.2;4.2;1024;1021.7;0
18/08/21;18.1;23.2;16:49;14;06:17;0.2;0;0;4.9;26.3;17:42;322;23.1;18.1;14;80;66;52;9.2;5;1.6;1023.7;1017.9;0
19/08/21;19.2;25.4;16:22;14.5;04:45;0;0.9;0;2.9;22;13:46;332;25.3;19.2;14.5;85;70;52;6.8;2.9;0;1020;1014.6;0
20/08/21;22.8;31.6;15:39;15;07:09;0;4.5;0;2.1;17.6;00:02;63;31.6;22.8;15.1;87;64;34;6.9;2.1;0;1017.3;1013.2;0
21/08/21;24.4;32.7;15:11;17.6;07:52;0;6;0;3.6;26.3;17:20;336;32.7;24.4;17.6;77;61;46;8.7;3.7;0.3;1020.7;1015.2;0
22/08/21;22.1;25.7;14:04;17.9;07:11;0;3.7;0;4.8;26.3;16:59;320;25.6;22.1;17.9;84;70;57;10;4.8;0.2;1022.7;1020.3;0
23/08/21;21.2;26.2;15:31;16.2;07:21;0;2.9;0;4.8;28.8;14:28;323;26.2;21.2;16.2;87;64;39;11.3;4.8;0;1023;1017.6;0
24/08/21;20.6;26.7;15:58;14.5;07:32;0;2.2;0;3.1;24.1;16:03;329;26.6;20.6;14.5;82;61;42;8.5;3.1;0;1019.3;1014.9;0
25/08/21;23.1;30.4;15:11;17.2;03:26;0;4.8;0;1.7;17.6;18:33;88;30.3;23.1;17.2;73;55;39;5.1;1.8;0;1016.3;1011.9;0
26/08/21;23.6;30;15:12;18;07:15;0;5.2;0;3.4;33.1;13:37;313;29.9;23.6;18;69;52;35;10.9;3.4;0;1015.2;1012.5;0
27/08/21;21.2;25.9;13:46;16.7;07:40;0;2.9;0;5.4;28.8;13:58;302;25.8;21.2;16.7;73;57;37;11.9;5.5;0;1015.6;1013.9;0
28/08/21;19.6;25.7;16:41;13.3;08:09;0;1.2;0;4.3;28.8;15:36;320;25.6;19.6;13.3;77;54;33;10.8;4.3;0;1017.6;1014.6;0
29/08/21;19.7;26.2;12:57;13;07:00;0;1.3;0;3.2;17.6;14:57;329;26.1;19.7;13.1;71;53;35;7.7;3.2;0;1017.9;1013.2;0
30/08/21;20.5;26.6;14:39;13.7;07:46;0;2.2;0;3;22;17:42;309;26.5;20.5;13.8;80;55;35;9.5;3.1;0;1015.9;1013.2;0
31/08/21;21.7;28.2;15:38;15.9;07:31;0;3.4;0;2.6;19.8;15:50;323;28.2;21.8;15.9;67;51;35;7.6;2.6;0;1018.6;1015.9;0
01/09/21;22.4;31.5;14:31;16.8;06:46;0;4.1;0;3.9;22;18:15;116;31.4;22.4;16.8;65;52;35;11.7;3.9;0.5;1018.6;1015.9;0
02/09/21;20.7;24.9;16:33;18;12:15;0;2.4;0.5;5.1;28.8;11:04;67;24.8;20.7;18;84;65;53;10.6;5.1;0.5;1018.6;1014.9;0.5
03/09/21;20.8;28.5;14:48;17;06:39;0;2.5;1.3;3.1;22;16:44;44;28.4;20.8;17;92;75;52;9.3;3.1;0;1017.9;1014.9;1.3
04/09/21;21.4;28.1;15:45;16.7;07:35;0;3.1;0;1.3;11.2;17:05;348;28.1;21.4;16.7;92;75;50;4.3;1.3;0;1017.6;1013.5;0
05/09/21;24.3;31.7;14:20;18;07:05;0;5.9;0;1.7;15.5;06:06;102;31.7;24.3;18;81;61;39;5.3;1.8;0;1018.3;1015.2;0
06/09/21;25.1;33.5;15:12;18.7;07:33;0;6.8;0;2.3;17.6;23:54;123;33.4;25.2;18.7;80;62;41;5.5;2.3;0;1019.6;1016.9;0
07/09/21;25.1;32.1;14:09;21.1;02:28;0;6.8;0;3.3;17.6;15:57;111;32.1;25.1;21.1;81;69;49;7.4;3.4;0.6;1019;1013.5;0
08/09/21;23.9;28.4;12:30;21.2;07:12;0;5.6;0;3.4;22;17:35;92;28.3;23.9;21.2;82;70;58;7.6;3.4;0.2;1013.9;1010.8;0
09/09/21;20.3;24.8;14:44;17.1;23:32;0;2;5.2;3;41.8;01:25;341;24.8;20.3;17.2;94;85;70;18.2;3.1;0;1016.3;1012.2;5.1
10/09/21;19.8;24.9;15:44;16.4;07:26;0;1.5;0;2.3;15.5;12:59;335;24.8;19.9;16.4;96;83;61;6.4;2.3;0;1020.3;1015.2;0
11/09/21;21.1;26.3;14:24;17.3;06:34;0;2.8;0;2;17.6;15:52;328;26.3;21.1;17.3;93;76;54;6;1.9;0;1020.7;1016.6;0
12/09/21;22.6;28.9;14:16;17.5;06:58;0;4.3;0;1.9;15.5;13:09;51;28.9;22.6;17.5;83;66;47;6.1;1.9;0;1017.6;1013.5;0
13/09/21;23.4;30.3;14:50;18.2;07:26;0;5;0;2.9;19.8;17:31;82;30.3;23.3;18.2;81;69;55;7.7;2.9;0.2;1014.9;1011.5;0
14/09/21;23.9;31.2;13:24;20.5;07:31;0;5.5;0.3;3.3;24.1;00:53;77;31.2;23.9;20.6;91;78;56;9;3.4;0;1014.2;1011.2;0.3
15/09/21;22.4;28.7;15:22;18.2;06:30;0;4.1;4.1;4.3;28.8;01:48;349;28.6;22.4;18.2;91;78;60;12.4;4.3;0.2;1016.3;1011.2;4.1
16/09/21;19;22.2;15:17;17.5;23:14;0;0.7;3.1;3.3;19.8;15:56;276;22.1;19;17.6;94;89;79;8.7;3.2;0;1019.6;1016.3;3
17/09/21;19.1;23.6;15:09;16.1;08:13;0;0.8;0;2.7;17.6;00:29;312;23.6;19.2;16.1;94;78;56;8.9;2.7;0;1019.6;1013.2;0
18/09/21;16.6;19.1;11:30;14.6;23:50;1.8;0;3.6;2.9;26.3;17:38;291;19.1;16.6;14.6;94;87;77;13.5;2.9;0;1018.6;1014.6;3.6
19/09/21;15.7;20.8;17:01;11.9;07:37;2.7;0;0;9.1;39.6;15:01;277;20.8;15.7;11.9;94;82;60;19.6;9.2;1.6;1021.7;1018.3;0
20/09/21;15.3;20.7;15:00;13.5;23:57;3;0;1.5;6.7;28.8;12:22;286;20.6;15.3;13.7;94;85;62;14.2;6.8;1.9;1025.1;1020;1.5
21/09/21;13.7;17.1;15:00;11.8;08:25;4.6;0;2.6;5.1;26.3;08:18;255;17.1;13.7;11.8;96;91;84;11.7;5.1;0;1026.8;1024.7;2.5
22/09/21;17.4;23.3;16:09;12.1;08:19;0.9;0;0;1.8;13.3;13:35;354;23.3;17.4;12.2;94;77;58;4.8;1.8;0;1026.4;1020.7;0
23/09/21;18.9;24.7;16:34;13.8;07:25;0;0.6;0;1.7;13.3;13:26;27;24.7;18.9;13.8;90;74;52;6.4;1.8;0;1022.7;1019.3;0
24/09/21;19.5;25.8;15:15;14.8;08:12;0;1.2;0;1.6;13.3;00:08;79;25.8;19.5;14.8;83;69;51;5.3;1.6;0;1020.7;1015.2;0
25/09/21;20.8;26.9;15:00;16.8;09:28;0;2.4;0;3.5;24.1;23:56;40;26.9;20.8;16.8;88;74;62;10.3;3.4;0.6;1016.9;1013.5;0
26/09/21;19.2;23.2;14:14;15.2;08:11;0;0.8;0;2.6;28.8;00:14;341;23.2;19.2;15.2;95;78;60;14;2.6;0;1021.3;1015.6;0
27/09/21;19;23.9;13:47;15.7;08:43;0;0.6;0;3.2;26.3;14:22;333;23.9;19;15.8;81;74;56;13.5;3.2;0.2;1025.4;1018.3;0
28/09/21;17.9;23.1;14:24;13.8;06:56;0.4;0;0;3;15.5;18:18;343;23.1;18;13.8;84;68;48;6;3.1;0;1025.4;1019;0
29/09/21;16.8;21.5;14:27;14.1;04:17;1.5;0;0.8;4.5;28.8;18:30;298;21.4;16.8;14.1;92;79;58;11.9;4.5;0;1029.1;1023.4;0.8
30/09/21;15.9;19.5;15:59;13.3;23:56;2.5;0;0.8;3.6;24.1;17:20;313;;;;;;;;;;;;
01/10/21;16;22.3;15:42;10.1;08:04;2.3;0;0;1.9;13.3;03:47;31;22.3;16;10.1;86;70;46;7.9;1.9;0;1025.4;1019;0
02/10/21;18.8;26;14:06;13.8;06:35;0;0.4;0;3.5;28.8;23:50;111;26;18.8;13.8;80;65;45;11.7;3.5;0;1020.7;1007.5;0
03/10/21;17.1;20.6;10:45;11.6;23:56;1.2;0;9.3;6.1;33.1;11:59;335;20.6;17.2;11.7;94;83;72;13.8;6.1;1.4;1018.6;1006.8;9.4
04/10/21;13.4;17.8;16:27;11;05:09;4.9;0;3.6;5.6;33.1;16:06;297;17.8;13.4;11.1;95;83;57;14.2;5.6;0.8;1020.7;1017.6;3.6
05/10/21;13.3;15.8;16:35;11.6;04:58;5;0;3.1;4.3;26.3;15:17;266;15.8;13.3;11.6;95;88;80;13.5;4.3;0;1023;1015.9;3
06/10/21;13.5;17.7;16:43;11.6;07:42;4.8;0;0;6.6;28.8;13:51;301;17.7;13.5;11.6;95;80;57;12.7;6.6;1.3;1027.8;1023;0
07/10/21;12.7;17.4;15:36;7.8;07:55;5.6;0;0;3.8;31;18:35;326;17.3;12.7;7.8;91;72;56;11.1;3.9;0.2;1028.1;1022.4;0
08/10/21;12.4;18.1;13:43;8;08:20;5.9;0;0;2.2;15.5;16:17;318;18;12.4;8;91;76;57;5.6;2.3;0;1023.7;1020.7;0
09/10/21;13.2;16.7;14:35;10.5;03:43;5.2;0;0;1.9;15.5;17:22;290;16.6;13.2;10.6;87;78;64;8.7;1.9;0;1024.4;1021.7;0
10/10/21;14.6;18.9;14:56;12.5;02:42;3.7;0;0;2.9;22;16:03;306;18.8;14.6;12.5;82;73;55;9.2;2.9;0;1025.7;1023;0
11/10/21;13.4;18;15:16;9.2;07:59;4.9;0;0;2.5;22;12:56;316;18;13.6;9.2;90;74;52;8.5;2.6;0;1026.8;1023.4;0
12/10/21;11.9;16.6;15:55;7.4;08:51;6.5;0;0;3.2;24.1;16:12;308;16.6;11.9;7.4;91;75;54;9.7;3.2;0;1024.4;1020;0
13/10/21;11.5;16.3;14:43;6.5;08:25;6.8;0;0;3.8;26.3;14:09;327;16.3;11.6;6.5;91;72;51;8.9;3.7;0.2;1025.7;1021.7;0
14/10/21;12.7;20.4;16:09;6.3;07:54;5.6;0;0;2.4;17.6;23:37;56;20.3;12.7;6.3;85;64;35;7.9;2.4;0;1025.7;1020.7;0
15/10/21;14.2;20.7;14:27;8.8;08:16;4.1;0;0;2.8;22;16:23;339;20.6;14.2;8.8;88;72;48;11.4;2.9;0;1021.7;1016.9;0
16/10/21;13.8;18.7;15:37;9.7;08:29;4.5;0;0;1.8;17.6;12:55;338;18.6;13.8;9.7;92;76;56;5.6;1.8;0;1020.7;1017.3;0
17/10/21;15.4;21.6;15:27;11.5;08:11;3;0;0;2.9;19.8;02:00;82;21.6;15.3;11.5;82;70;53;12.6;2.9;0.3;1022.4;1017.3;0
18/10/21;15.4;22.2;15:04;10.1;07:19;2.9;0;0;2;22;23:48;59;22.2;15.4;10.1;90;74;57;7.6;2.1;0;1025.4;1022;0
19/10/21;17.1;23;14:10;13.4;06:02;1.2;0;0;3.5;26.3;02:07;80;23;17.1;13.5;85;73;59;9;3.5;0.5;1025.1;1022.4;0
20/10/21;18.7;24;12:59;16.3;06:52;0;0.4;0;4.1;28.8;15:31;98;23.9;18.7;16.3;87;77;63;8.5;4.2;1.8;1022;1013.5;0
21/10/21;15.1;17.7;00:24;12.6;22:57;3.3;0;3.9;5.4;33.1;01:39;286;17.7;15.1;12.7;93;80;64;15.1;5.5;0.3;1021.3;1014.9;3.8
22/10/21;12;13.9;13:37;10.3;23:23;6.4;0;0;4.2;26.3;13:45;307;13.9;11.9;10.4;95;90;80;10.9;4.2;0.5;1025.4;1021;0
23/10/21;10.6;15.5;16:10;6.7;08:40;7.7;0;0.3;2;15.5;03:34;348;15.4;10.6;6.7;96;76;43;7.2;1.9;0;1026.1;1023;0.3
24/10/21;12.8;19.9;14:45;7.4;08:04;5.5;0;0;3.2;24.1;14:49;120;19.8;12.8;7.4;81;68;55;13.7;3.2;0.2;1024.7;1021.3;0
25/10/21;13;17.7;15:39;7.9;08:15;5.3;0;0;2.1;17.6;06:55;342;17.7;13.1;7.9;96;79;55;9.7;2.1;0;1024.7;1021.3;0
26/10/21;12.9;16.8;16:15;10.5;08:08;5.5;0;0;1.9;13.3;16:15;327;16.7;12.8;10.6;87;80;69;6.3;1.9;0;1027.4;1024.4;0
27/10/21;13.3;19.5;14:39;7.4;08:49;5;0;0;2.3;26.3;23:08;75;19.5;13.3;7.4;93;74;46;7.9;2.3;0;1026.1;1020.3;0
28/10/21;16.1;20.5;12:55;13.5;04:47;2.2;0;0;7.8;52.9;23:07;116;20.5;16.2;13.5;74;64;50;24;7.7;1;1021;1012.5;0
29/10/21;16.5;20.9;14:37;13.6;07:31;1.9;0;0;4.9;28.8;02:54;101;20.8;16.4;13.7;79;67;53;10.1;4.8;0.6;1013.2;1007.5;0
30/10/21;17.9;22.1;14:01;15.2;23:51;0.4;0;0;5.1;39.6;04:25;75;22.1;17.9;15.3;88;71;60;20.6;5.1;0.8;1011.2;1006.8;0
31/10/21;17.2;22.4;13:24;12.4;23:58;1.1;0;10.8;2.7;31;23:02;88;22.4;17.2;12.6;96;82;64;15.6;2.7;0;1011.2;1006.8;10.9
01/11/21;12;14.2;14:36;9;23:58;6.3;0;4.6;6;33.1;14:54;278;14.2;12.1;9.2;96;88;74;15.3;6;0;1011.9;1008.5;4.6
02/11/21;11.5;16;14:27;8.9;00:05;6.8;0;4.1;5.7;31;22:08;244;15.9;11.5;8.9;93;82;65;15.6;5.6;0.3;1011.2;1007.8;4.1
03/11/21;8.2;11.8;14:20;6;20:54;10.1;0;1.8;6.4;28.8;12:38;279;11.7;8.2;6;95;91;78;14.5;6.4;1.3;1010.2;1008.8;1.8
04/11/21;7.8;10.8;13:31;5.9;23:54;10.5;0;0;3.2;26.3;04:55;313;10.7;7.8;6;96;88;75;9.2;3.2;0.3;1020.3;1010.2;0
05/11/21;6.2;8.9;14:27;4.2;03:41;12.2;0;0;4.4;22;04:11;316;8.8;6.2;4.2;98;92;79;10.6;4.3;0.2;1028.8;1020.3;0
06/11/21;5.3;6.8;18:25;3.8;07:52;13;0;0;5.7;28.8;20:29;295;6.8;5.3;3.9;97;93;87;14.3;5.6;1.4;1031.8;1028.8;0
07/11/21;6.5;8.5;14:45;3.9;08:15;11.8;0;0;7.5;31;12:55;294;8.5;6.5;3.9;98;91;80;16.7;7.6;1.4;1029.8;1024;0
08/11/21;8.5;11;15:48;7.5;23:48;9.8;0;0;7.8;35.3;14:04;308;10.9;8.5;7.5;99;90;74;14.8;7.7;2.1;1024;1020.7;0
09/11/21;5.8;8.3;14:21;3.8;07:55;12.5;0;0;3;17.6;00:36;337;8.2;5.8;3.8;96;89;80;8.4;3.1;0.3;1024.7;1023;0
10/11/21;6;7.6;14:34;4.2;07:43;12.3;0;0;1.7;15.5;09:50;355;7.6;6;4.2;96;92;80;8.2;1.8;0;1024.4;1021.3;0
11/11/21;8.6;13.5;14:21;5.7;05:40;9.7;0;0;2.4;15.5;02:08;1;13.4;8.6;5.7;99;96;90;9;2.4;0;1023.4;1020.7;0
12/11/21;9.1;10.4;14:27;8.1;04:30;9.2;0;0;1.7;15.5;10:41;293;10.3;9.1;8.1;99;96;91;7.6;1.8;0;1022;1019.3;0
13/11/21;10.4;12.2;13:16;8.8;06:02;7.9;0;0;2.9;31;21:58;296;12.2;10.4;8.9;98;95;90;12.7;2.9;0;1023;1019.6;0
14/11/21;9.9;11.6;12:57;8.4;23:51;8.5;0;0;8.1;35.3;12:42;306;11.6;9.9;8.4;97;94;83;13.4;8.2;4;1019.6;1017.3;0
15/11/21;8.2;9.6;15:51;7;07:54;10.1;0;0;6;28.8;19:02;307;9.6;8.2;7;96;92;83;12.6;6;1.9;1023;1018.6;0
16/11/21;7.7;9.4;13:35;7;08:07;10.6;0;0;3.9;15.5;00:13;303;9.4;7.7;7.1;95;92;82;7.4;3.9;1.8;1024;1022;0
17/11/21;6.3;7.2;00:05;5.5;07:35;12;0;0;6.9;28.8;11:33;294;7.2;6.3;5.5;97;94;87;12.6;6.9;1.4;1029.8;1023.7;0
18/11/21;8.1;11.4;15:16;6.7;00:00;10.2;0;0;4.8;22;00:00;301;11.4;8.2;6.7;96;87;69;12.4;4.8;0.8;1031.2;1028.8;0
19/11/21;8.4;12.7;14:29;4.4;06:28;9.9;0;0;2.2;15.5;02:46;35;12.7;8.4;4.4;91;84;73;8.7;2.3;0;1030.8;1027.4;0
20/11/21;9.8;14.9;13:32;6.4;08:31;8.5;0;0;2.5;13.3;07:36;42;14.8;9.8;6.4;90;83;72;7.7;2.4;0;1027.4;1019.3;0
21/11/21;9.2;13.1;13:01;7;06:54;9.1;0;0;2.6;22;13:11;297;13.1;9.3;7;96;88;69;9.8;2.6;0;1019.3;1011.9;0
22/11/21;6.9;9.2;14:33;5.7;07:58;11.4;0;0;2.2;11.2;00:06;335;9.2;6.9;5.7;97;91;80;6.9;2.3;0;1017.3;1011.5;0
23/11/21;7.8;11.7;13:09;3;09:10;10.5;0;0;4.7;35.3;18:35;90;11.7;7.8;3;97;90;79;14.3;4.7;0;1018.3;1014.6;0
24/11/21;9.1;10.4;00:33;7.3;23:58;9.3;0;0;6;37.4;00:25;94;10.3;9.1;7.4;97;94;88;17.4;6;0;1015.2;1008.5;0
25/11/21;7.7;10.2;13:21;6.7;06:59;10.6;0;0;3.2;26.3;20:44;267;10.2;7.7;6.7;97;94;85;13.7;3.2;0;1009.1;1008.5;0
26/11/21;4.5;7.1;00:00;2.8;10:05;13.8;0;0;10.6;35.3;09:16;281;7.1;4.5;2.8;98;92;84;20.4;10.6;3.7;1011.5;1008.5;0
27/11/21;4.8;6.5;16:02;2.8;21:47;13.5;0;0;11.7;43.9;04:50;259;6.4;4.8;2.9;97;90;76;25.1;11.7;1.1;;;0
28/11/21;3.1;4.3;16:10;1.5;23:50;15.3;0;10.8;13.2;48.6;10:51;285;4.3;3.1;1.5;92;86;76;23.5;13.2;4.3;1009.5;1009.1;10.9
29/11/21;1.3;2.9;15:58;0.1;06:01;17;0;0;6.3;28.8;05:57;307;2.9;1.3;0.1;95;90;82;14.2;6.3;0;1024.7;1009.5;0
30/11/21;1.8;6.1;14:02;-2.5;07:09;16.5;0;0.3;1.9;13.3;05:47;16;6.1;1.8;-2.4;97;91;79;7.9;1.9;0;1030.1;1024.7;0.3
01/12/21;6.8;10.5;13:02;3.4;00:14;11.5;0;5.2;6.9;33.1;14:36;240;10.4;6.8;3.5;96;90;80;16.1;6.8;0.8;1025.4;1009.5;5.1
02/12/21;5;6.6;00:00;3.2;23:50;13.3;0;3.4;12.7;41.8;13:54;288;6.6;5;3.2;96;92;85;21.2;12.7;5.3;1016.3;1008.8;3.3
03/12/21;3.9;8.9;23:54;1;07:22;14.5;0;1.5;6.8;37.4;00:37;297;8.8;3.8;1;98;91;80;16.3;6.8;0;1023.4;1016.6;1.5
04/12/21;8.8;10.9;15:13;5.6;23:52;9.5;0;9.5;12.7;57.2;16:39;261;10.9;8.8;5.7;98;93;85;32.2;12.7;1.8;1017.9;1012.9;9.7
05/12/21;4.4;5.9;13:03;3.1;13:49;13.9;0;9;13.3;48.6;21:55;268;5.9;4.4;3.2;96;92;81;25.3;13.4;3.2;1016.6;1010.8;9.1
06/12/21;5.9;8.6;23:00;4.2;06:43;12.5;0;1;11.9;50.8;03:57;284;8.6;5.8;4.3;98;89;78;20.8;11.9;1.3;1022;1016.6;1
07/12/21;8;9.6;12:25;6.2;07:35;10.4;0;2.8;6.2;37.4;01:01;286;9.6;8;6.2;98;89;75;17.9;6.3;0.2;1022.7;1008.5;2.8
08/12/21;4.8;7.3;02:00;2.7;23:15;13.6;0;10.6;12;46.4;15:00;252;7.2;4.8;2.7;97;92;85;22.5;11.9;1.8;1012.2;1009.1;10.7
09/12/21;3.9;6.4;13:20;2.5;01:35;14.4;0;2.8;6.7;39.6;01:22;277;6.3;3.9;2.5;96;92;84;18;6.8;0;1016.6;1009.5;2.5
10/12/21;6.7;10.8;05:28;4.1;00:00;11.6;0;17;14.9;59.4;05:58;297;10.8;6.7;4.1;99;92;87;26.7;14.8;3.7;1015.9;1008.8;17.3
11/12/21;5.6;7.6;14:25;4.3;08:12;12.7;0;0;6.9;37.4;06:34;313;7.6;5.7;4.3;96;91;84;17.5;6.9;0;1028.1;1015.9;0
12/12/21;6.7;10.3;14:40;3.7;04:13;11.7;0;0;2.8;17.6;11:55;26;10.3;6.7;3.7;95;90;82;9.8;2.7;0;1030.5;1026.1;0
13/12/21;8.2;12.7;14:30;5.3;00:53;10.1;0;0;2.1;19.8;07:19;54;12.7;8.2;5.4;95;88;79;9;2.1;0;1026.4;1023.4;0
14/12/21;8.7;12.9;14:45;5.9;05:58;9.6;0;0;2.6;15.5;17:31;17;12.9;8.7;5.9;93;85;76;9;2.6;0;1028.4;1026.1;0
15/12/21;8.2;11.5;14:27;5.3;08:53;10.1;0;0;2.1;13.3;21:19;25;11.5;8.2;5.4;94;87;78;9;2.1;0;1028.8;1026.1;0
16/12/21;7.5;11.2;13:57;4.2;08:27;10.8;0;0;2;13.3;00:54;7;11.2;7.5;4.2;94;86;78;8.5;1.9;0;1031.2;1028.8;0
17/12/21;7.8;13.2;12:59;3.3;05:47;10.5;0;0;4.8;33.1;09:26;65;13.2;7.8;3.3;90;82;62;11.9;4.8;0;1029.8;1027.1;0
18/12/21;8.5;12.6;15:29;4.7;07:38;9.8;0;0;3.1;26.3;01:08;68;12.5;8.5;4.8;87;77;64;8.7;3.1;0;1029.5;1027.1;0
19/12/21;8.2;12.7;13:49;4.9;23:54;10.2;0;1.5;2.5;13.3;00:15;84;12.7;8.2;5;88;80;68;8;2.6;0;1029.8;1022.7;1.5
20/12/21;6.2;9.7;14:15;3;08:00;12.2;0;0;1.7;8.6;01:27;23;9.7;6.2;3;88;80;71;6;1.8;0;1022.7;1019.6;0
21/12/21;4.9;9.4;14:10;-0.5;07:28;13.4;0;0;2.9;19.8;19:15;102;9.4;4.9;-0.4;89;77;62;9;2.9;0;1021;1018.3;0
22/12/21;6.3;11.8;14:00;3.5;04:33;12;0;0;5.2;22;12:12;103;11.8;6.3;3.6;87;82;69;9.7;5.1;0.5;1020.7;1018.6;0
23/12/21;10.1;14.7;13:10;7.9;23:24;8.2;0;0;4;22;08:49;90;14.7;10.1;7.9;92;84;72;11.6;4;0;1019.3;1015.9;0
24/12/21;9.8;13.9;15:00;7.6;00:00;8.5;0;0;3.4;15.5;00:03;72;13.9;9.8;7.7;95;87;76;9.3;3.4;0;1015.6;1007.8;0
25/12/21;8.9;12.5;14:22;6.6;07:52;9.4;0;0;3;15.5;05:01;41;12.4;8.9;6.6;97;91;82;8.2;3.1;0;;;0
26/12/21;9.4;11.8;14:03;7.8;07:05;9;0;0;2.2;11.2;20:08;128;11.8;9.4;7.8;93;86;79;7.1;2.3;0.3;1010.8;1008.5;0
27/12/21;10.6;13.3;16:04;8.7;09:00;7.8;0;9.3;7.2;39.6;13:03;236;13.3;10.6;8.8;96;86;78;23.3;7.1;0.6;1011.2;1008.5;9.4
28/12/21;12.2;13.3;12:00;10.3;00:00;6.2;0;5.2;15.5;52.9;20:08;268;13.3;12.2;10.3;97;92;81;29.3;15.6;1.3;1017.9;1008.8;5.1
29/12/21;13.3;14.7;17:05;12;06:00;5;0;1.8;10;39.6;00:02;282;14.7;13.3;12;96;92;82;20.8;10;1.3;1025.4;1018.6;1.8
30/12/21;11.4;13.5;00:04;9.7;08:42;7;0;0.3;2.7;17.6;00:00;9;13.4;11.4;9.7;98;96;90;8.2;2.7;0;1025.4;1022.7;0.3
31/12/21;11.6;15.4;15:15;8;08:10;6.7;0;0;2.9;17.6;23:02;78;;;;;;;;;;;;
01/01/22;11.1;14.2;15:00;6.6;06:19;7.3;0;0.3;3.7;22;01:00;87;14.2;11.1;6.7;79;58;36;16.3;3.7;0;1027.4;1025.1;0.3
02/01/22;8.6;13.3;15:00;6;03:01;9.8;0;0;3.5;13.3;05:01;244;13.2;8.6;6.1;90;83;74;7.9;3.5;0;1029.8;1025.1;0
03/01/22;11;14.7;14:00;8.6;04:04;7.3;0;0;3;11.2;04:04;101;14.6;11.1;8.6;95;85;69;7.1;2.9;0.5;1029.5;1015.9;0
04/01/22;10.6;15.7;14:00;7.4;23:00;7.8;0;4.9;6;33.1;22:02;241;15.7;10.6;7.4;93;78;64;17.2;6;1.9;1014.9;1007.8;4.8
05/01/22;4.7;7.3;00:02;2.8;09:00;13.6;0;2.1;10.1;31;04:02;308;7.2;4.7;2.8;94;85;74;19.5;10.1;4;1020;1011.9;2
06/01/22;2.4;5.1;15:00;0.6;07:00;16;0;0;6.3;19.8;14:00;313;5.1;2.4;0.6;87;77;65;11.1;6.3;1.9;1024.7;1020.3;0
07/01/22;3.8;5.4;20:45;-0.5;06:00;14.5;0;2;8.8;28.8;20:25;249;5.4;3.7;-0.5;95;89;73;19.5;8.9;0;1028.1;1024.7;2
08/01/22;7.2;8.5;23:00;5.6;00:00;11.1;0;5.2;15.9;46.4;23:00;255;8.5;7.2;5.6;97;92;78;24.8;15.9;8.4;1025.7;1014.6;5.1
09/01/22;7.5;8.3;00:00;6.2;21:00;10.8;0;17.3;16.3;43.9;00:40;277;8.3;7.5;6.2;96;91;83;32.3;16.4;3.2;1016.3;1012.9;17.3
10/01/22;6.3;6.6;02:00;5.7;23:00;12;0;26.8;4.6;11.2;02:00;332;6.6;6.3;5.7;98;97;96;7.9;4.5;1.8;1024.7;1012.2;26.9
11/01/22;4;5.7;15:00;2.8;22:00;14.3;0;0;5.3;26.3;22:00;300;5.7;4;2.8;98;92;80;19.3;5.3;1.1;1030.5;1025.1;0
12/01/22;1.7;3.7;12:00;-0.3;08:00;16.6;0;0;6.7;19.8;04:00;47;;;;;;;;;;;;
13/01/22;0.6;6.9;12:00;-4.2;08:00;17.7;0;0;4.7;13.3;00:00;106;;;;;;;;;;;;
14/01/22;2.6;9.2;12:00;-3;08:00;15.7;0;0;5.3;13.3;16:00;109;;;;;;;;;;;;
15/01/22;6;13.4;12:00;2.5;04:00;12.3;0;0;5.6;15.5;08:00;128;;;;;;;;;;;;
16/01/22;4.4;12.4;12:00;0.1;08:00;13.9;0;0;4.8;13.3;20:00;121;;;;;;;;;;;;
17/01/22;0;2.4;12:00;-2.3;08:00;18.3;0;0;4.6;13.3;08:00;130;;;;;;;;;;;;
18/01/22;-0.1;2;16:00;-1.6;08:00;18.5;0;0;5.3;15.5;04:00;128;;;;;;;;;;;;
19/01/22;3.7;7.2;12:00;-0.7;04:00;14.6;0;0;6.9;15.5;04:00;136;;;;;;;;;;;;
20/01/22;3.8;7.4;16:00;1.5;08:00;14.5;0;0;5.6;17.6;20:00;162;;;;;;;;;;;;
21/01/22;0.8;9;12:00;0;08:00;17.5;0;0;12.6;33.1;21:00;266;;;;;;;;;;;;
22/01/22;1.3;4.9;15:55;-2.1;06:11;17;0;0;1.8;15.5;14:17;334;4.9;1.3;-2.1;87;78;65;5.8;1.8;0;1035.6;1032.2;0
23/01/22;3.9;8.4;15:22;-0.4;07:20;14.5;0;0;3.4;26.3;22:43;26;8.4;3.8;-0.4;84;74;62;12.7;3.4;0;1032.2;1027.1;0
24/01/22;6.6;12.1;14:34;2.7;03:50;11.7;0;0;2.7;15.5;00:49;61;12;6.9;2.7;84;72;59;7.7;2.6;0;1032.2;1027.8;0
25/01/22;6;10.6;14:59;1.6;08:25;12.3;0;0;2.9;13.3;13:08;11;10.6;6;1.7;86;75;64;8;2.9;0;1034.5;1032.2;0
26/01/22;5.7;10.3;14:39;1.4;08:49;12.7;0;0;2.1;13.3;20:10;349;10.2;5.7;1.4;88;76;61;7.6;2.1;0;1034.2;1031.2;0
27/01/22;3.9;9.1;12:38;-1.5;22:38;14.4;0;0;2.8;15.5;22:32;339;9.1;3.9;-1.5;95;86;71;10;2.7;0;1035.9;1031.5;0
28/01/22;-1.4;-0.3;22:35;-2.5;07:14;19.7;0;0;0.7;8.6;04:59;319;-0.3;-1.3;-2.5;95;94;93;4.2;0.6;0;1040;1035.9;0
29/01/22;-0.2;2;15:10;-1;04:53;18.5;0;0.3;0.5;11.2;20:42;348;1.9;-0.2;-1;96;95;92;4;0.5;0;1040.3;1037.6;0.3
30/01/22;0;1.5;23:30;-1.4;02:08;18.4;0;0.3;1;8.6;02:07;22;1.4;-0.1;-1.3;97;97;96;3.9;1;0;1037.9;1030.8;0.3
31/01/22;4.2;6.7;16:49;1.3;00:00;14.1;0;1.8;13.9;57.2;16:25;281;6.7;4.2;1.3;99;96;88;24.6;14;2.7;1031.2;1026.4;1.8
01/02/22;4.8;6.8;13:52;1.5;08:15;13.5;0;0.3;14.7;43.9;01:19;287;6.8;4.8;1.5;94;85;68;21.6;14.8;6.6;1034.9;1029.8;0.3
02/02/22;7.1;8.6;13:55;5.7;22:01;11.2;0;1.8;10;35.3;00:18;284;8.6;7.1;5.7;97;95;91;20.1;10;0;1032.8;1026.8;1.8
03/02/22;5.6;8.6;06:35;1.9;08:20;12.7;0;0.3;4.1;24.1;05:59;42;8.6;5.7;1.9;97;86;44;12.2;4.2;0.2;1026.8;1021;0.3
04/02/22;8.6;10.8;12:59;6.3;05:48;9.7;0;0.5;4;26.3;22:57;283;10.7;8.6;6.3;96;90;80;11.7;4;0;1024.7;1022;0.5
05/02/22;7.1;8.7;13:50;4.8;23:54;11.2;0;0.3;8.4;31;22:15;292;8.6;7.2;4.9;96;89;76;16.7;8.4;1.6;1032.2;1024.7;0.3
06/02/22;5.5;8.7;14:11;1.4;07:40;12.9;0;0;5.3;33.1;21:54;285;8.7;5.4;1.4;90;81;72;21.2;5.3;0;1033.2;1029.5;0
07/02/22;8;11;14:03;5.9;23:08;10.3;0;0.5;14.5;55.1;04:33;271;10.9;8.3;6;95;88;81;22.5;9.7;1.4;1034.9;1028.8;0.5
08/02/22;8;13.6;15:13;3;07:20;10.3;0;0.3;3.8;28.8;21:25;39;13.6;7.4;3;95;76;45;13.5;3.9;0;1035.6;1029.8;0.3
09/02/22;9.9;15.9;14:08;6.2;08:06;8.4;0;0;5.4;26.3;00:03;78;15.8;9.9;6.3;82;65;47;12.6;5.5;0;1031.2;1028.4;0
10/02/22;9.9;15.8;15:20;4.8;07:01;8.4;0;0;2.3;17.6;00:03;63;15.8;9.9;4.8;86;72;55;9.2;2.4;0;1029.8;1025.4;0
11/02/22;8.9;11.9;15:39;6.1;22:51;9.4;0;0;4.8;22;12:51;289;11.8;8.9;6.1;93;82;69;11.7;4.8;0;1029.8;1027.1;0
12/02/22;7.8;13.9;14:25;2.1;05:55;10.6;0;0;4;26.3;06:18;100;13.9;7.8;2.1;89;62;40;12.2;4;0;1029.1;1023.4;0
13/02/22;10.9;15.1;13:50;7.9;07:01;7.5;0;0;8.1;33.1;12:16;102;15.1;10.8;7.9;81;74;60;18.7;8;1.8;1023.7;1010.2;0
14/02/22;7.8;10.4;03:51;5.7;21:55;10.6;0;7.2;12.1;50.8;15:47;260;10.3;7.8;5.7;94;87;75;24.8;12.1;1;1019.6;1010.2;7.1
15/02/22;7;9.6;13:23;5.5;07:54;11.4;0;1.8;12.2;39.6;00:30;276;9.6;7;5.5;94;88;72;20.6;12.2;2.1;1026.1;1019.6;1.8
16/02/22;8.9;12.2;15:50;6.1;04:17;9.4;0;3.1;13.5;50.8;18:34;256;12.2;8.9;6.1;96;91;84;26.4;13.5;1.9;1025.4;1021.7;3
17/02/22;11.4;13.4;15:15;10.2;00:02;6.9;0;2.3;12.1;52.9;07:11;268;13.4;11.4;10.2;96;93;88;25.4;12.1;0;1026.4;1023.4;2.3
18/02/22;11.6;17.6;14:56;8;08:16;6.7;0;0.3;5.1;33.1;23:09;315;17.6;11.6;8.1;96;86;65;15.1;5.1;0;1023.4;1016.3;0.3
19/02/22;7.9;10.3;14:25;5.9;23:14;10.4;0;0.5;6.9;31;14:31;305;10.3;7.9;5.9;95;78;56;16.6;6.9;2.9;1029.5;1023;0.5
20/02/22;7.3;11;13:18;2.6;06:50;11;0;0.5;6.4;37.4;22:35;291;10.9;7.3;2.6;94;85;71;19.6;6.4;0.5;1030.5;1027.1;0.5
21/02/22;9.1;12;16:05;7.1;22:54;9.3;0;4.4;18.2;61.6;15:47;280;12;9.1;7.1;95;82;59;32.5;18.2;8.9;1030.8;1024;4.3
22/02/22;9;12.3;14:31;6.3;06:00;9.3;0;0;9.9;41.8;00:59;298;12.2;9.1;6.3;91;79;63;20.9;9.8;1.8;1033.5;1029.1;0
23/02/22;11.1;15.7;13:46;7.5;05:39;7.3;0;0;2.3;15.5;20:08;41;15.7;11.1;7.6;86;72;59;6.9;2.4;0;1030.5;1022;0
24/02/22;10.8;16.2;12:54;8.4;01:49;7.5;0;0;8.6;35.3;16:24;271;16.2;10.8;8.4;88;75;61;18.7;8.5;0.5;1027.1;1020.3;0
25/02/22;7.4;10.8;15:21;4.9;23:44;10.9;0;0;7.1;39.6;00:28;305;10.7;7.4;4.9;92;71;43;13.8;7.1;1.3;1031.5;1027.1;0
26/02/22;7.1;14;13:56;1.3;07:07;11.3;0;0;5.7;35.3;17:17;84;13.9;7.1;1.3;74;56;25;15.3;5.6;0.2;1031.5;1021.3;0
27/02/22;8.9;14.8;15:09;3.4;07:27;9.4;0;0;3.6;19.8;04:03;43;14.7;8.9;3.4;85;69;52;10;3.5;0;1026.1;1022;0
28/02/22;11.1;16.3;15:00;6.5;07:00;7.2;0;0;5.3;26.3;05:42;1;16.3;11.1;6.5;82;64;46;11.9;5.3;1.3;1028.1;1025.4;0
01/03/22;10.2;16.4;12:37;6.3;07:49;8.1;0;0;5.5;33.1;13:16;90;16.3;10.2;6.3;80;69;45;19;5.5;0;1027.8;1023.7;0
02/03/22;9.9;15.2;14:37;7.5;02:48;8.5;0;3.4;4;17.6;00:01;82;15.2;9.9;7.5;94;79;61;10;4;0.2;1024;1020.3;3.3
03/03/22;11.5;16.8;14:16;7.9;00:00;6.9;0;0;3.3;17.6;00:02;276;16.7;11.4;7.9;95;80;61;9.2;3.2;0;1022.4;1012.2;0
04/03/22;8.4;10.5;00:00;6.2;00:00;9.9;0;3.1;11;39.6;13:48;281;10.6;8.4;6.3;95;90;75;21.6;10.9;2.3;1020.7;1015.2;3
05/03/22;6.5;8.6;15:20;5.7;01:30;11.8;0;8.3;8.6;41.8;00:02;271;8.6;6.5;5.7;96;93;84;20.1;8.7;1.9;1020.3;1018.3;8.4
06/03/22;6.6;10.7;16:18;4.8;06:52;11.7;0;0;6.5;24.1;20:46;274;10.7;6.6;4.8;93;84;65;14.3;6.6;1;1019;1016.3;0
07/03/22;6.9;13.3;14:37;2.2;07:00;11.5;0;0;3.4;17.6;16:25;132;13.2;6.8;2.2;92;77;58;9.2;3.4;0;1019;1014.9;0
08/03/22;9.4;14.7;13:00;5.8;00:06;8.9;0;0;5.9;28.8;13:15;92;14.7;9.4;5.8;90;75;57;12.1;6;0;1022.4;1014.2;0
09/03/22;10.2;15.8;14:21;6.2;06:38;8.2;0;0.5;5.9;28.8;15:09;106;15.8;10.2;6.2;92;79;58;15.1;5.8;0;1022.7;1019.6;0.5
10/03/22;11.5;16.7;12:10;8.7;07:34;6.9;0;0;6.2;31;22:18;97;16.7;11.4;8.7;83;75;58;10.9;6.3;2.3;1021.3;1015.6;0
11/03/22;11.1;13.7;10:57;9.8;22:45;7.2;0;0;14.1;57.2;08:34;107;13.7;11.1;9.8;83;78;69;32.2;14;0.6;1015.2;1011.9;0
12/03/22;9.4;10.8;02:48;7.6;10:17;8.9;0;12.4;6.6;57.2;21:34;123;10.8;9.4;7.6;94;87;76;30.4;6.6;0;1016.3;1013.5;12.4
13/03/22;8.3;11.3;10:32;4.5;23:54;10;0;9.8;12.6;70.6;08:50;113;11.3;8.3;4.6;93;85;78;36.9;12.6;0.3;1022.4;1009.5;9.9
14/03/22;10.2;12.6;11:13;4.5;00:00;8.2;0;0.3;23.7;94.7;12:43;121;12.6;10.2;4.5;89;80;68;49.9;23.7;5;1022.7;1019;0.3
15/03/22;12.5;13.5;13:24;11.8;07:37;5.8;0;0;23.3;81.7;00:25;119;13.5;12.6;11.9;83;80;71;44.7;23.3;3.5;1024.4;1019.6;0
16/03/22;12.7;15.4;13:51;11.4;03:38;5.6;0;0;7.3;35.3;12:02;107;15.3;12.7;11.5;89;78;70;19.8;7.4;0;1023.4;1018.3;0
17/03/22;11.8;13.9;13:45;10.3;07:13;6.6;0;1;3.5;19.8;00:34;285;13.9;11.8;10.3;96;90;81;10.3;3.5;0;1027.1;1022.7;1
18/03/22;10.1;12.7;14:29;8.1;08:20;8.2;0;0;3.9;17.6;03:31;240;12.7;10.1;8.2;94;87;77;10.8;4;0;1029.8;1026.8;0
19/03/22;11;14.7;13:33;8.6;06:51;7.3;0;0;9.7;55.1;12:02;114;14.6;11.1;8.6;87;65;48;24.6;9.8;1.6;1029.5;1026.1;0
20/03/22;11.4;14.1;13:12;9.7;04:13;6.9;0;0;17.1;61.6;07:41;115;14;11.4;9.7;81;71;49;34.4;17.1;5;1026.4;1023.7;0
21/03/22;11;12.3;09:30;8.5;23:47;7.4;0;0;24.8;72.7;19:18;120;12.2;10.9;8.6;79;68;32;39.1;24.8;7.9;1028.1;1024.4;0
22/03/22;10.3;13.9;13:40;7.9;23:55;8;0;0;19.7;64.1;09:55;113;13.9;10.3;8.1;71;55;36;35.6;19.6;7.1;1027.8;1025.1;0
23/03/22;10.5;14.4;13:49;7.4;01:01;7.8;0;0;15.3;55.1;15:58;112;14.3;10.5;7.4;67;53;38;29.3;15.3;2.7;1027.1;1025.1;0
24/03/22;11.8;17.2;14:06;6.9;03:12;6.6;0;0;10.5;41.8;00:03;101;17.2;11.8;6.9;73;51;36;24.9;10.6;0.5;1026.1;1023;0
25/03/22;13.1;19.4;14:31;8.6;06:51;5.3;0;0;8.7;35.3;14:49;85;19.3;13.1;8.7;46;35;21;18.5;8.7;0.6;1024;1021;0
26/03/22;13.2;18.3;12:25;9.4;05:29;5.1;0;0;10.9;48.6;13:37;93;18.3;13.3;9.4;59;40;25;27.8;10.9;2.3;1024;1021;0
27/03/22;14.7;20.8;14:52;9.4;06:16;3.6;0;0;10;41.8;13:47;106;20.7;14.7;9.4;63;44;30;21.9;10;2.4;1025.7;1023.7;0
28/03/22;16.3;20.8;14:56;13.1;04:55;2;0;0;10.5;43.9;13:04;111;20.8;16.3;13.3;41;32;24;26.2;10.5;3.5;1025.1;1015.6;0
29/03/22;13.5;19.7;15:02;8.9;07:10;4.8;0;0.3;4.8;26.3;16:06;84;19.7;13.5;8.9;77;55;41;12.4;4.8;0;1015.6;1007.8;0.3
30/03/22;10.1;12;11:54;8.8;23:25;8.3;0;1.5;5.3;28.8;23:51;275;11.9;10.1;8.8;93;85;75;15;5.3;0;1008.8;1008.1;1.5
31/03/22;9.2;14.2;16:26;6.7;23:53;9.1;0;2.6;13;48.6;16:00;276;;;;;;;;;;;;
01/04/22;3.6;6.8;00:01;1;06:23;14.7;0;2.1;18.5;55.1;04:49;291;6.8;3.7;1;93;72;44;29.1;18.3;11.7;1012.9;1009.5;2
02/04/22;2.1;5.7;17:35;0.1;06:40;16.2;0;1;13.2;48.6;04:00;304;5.6;2.1;0.1;94;78;54;25.1;13.2;4.3;1020.7;1011.9;1
03/04/22;2.2;5.3;12:27;-1.3;07:10;16.1;0;0;4.9;33.1;13:45;324;5.2;2.2;-1.3;85;71;55;13.5;4.8;1.3;1023;1020;0
04/04/22;4.9;11.1;14:08;-1;07:15;13.4;0;0;3.6;19.8;22:29;295;11.1;4.9;-1;81;63;46;10.9;3.5;0;1023.7;1019.3;0
05/04/22;7.8;14.3;16:13;1.2;07:21;10.5;0;0;4.2;24.1;22:14;294;14.2;7.8;1.3;75;58;39;12.9;4.2;0;1021.7;1014.2;0
06/04/22;9;10.4;13:55;7.5;07:36;9.3;0;0.3;5.6;35.3;22:19;272;10.4;9;7.6;95;83;63;17.2;5.6;0;1016.6;1013.2;0.3
07/04/22;12;20.1;15:25;7.2;07:09;6.4;0;1;8.9;46.4;15:12;272;20;11.9;7.2;92;79;43;26.1;9;0.3;1016.9;1011.9;1
08/04/22;14.4;20.8;13:49;10.4;23:50;3.9;0;2.6;8.6;57.2;20:15;268;20.7;14.4;10.4;95;78;50;31.9;8.7;0;1016.9;1008.8;2.5
09/04/22;9.6;13.6;16:50;6.8;09:56;8.8;0;1.5;9.3;41.8;16:13;301;13.6;9.6;6.9;92;71;44;19.8;9.3;0.3;1021.3;1015.6;1.5
10/04/22;11.8;19.7;14:34;4.6;06:55;6.6;0;0;5.5;39.6;21:37;92;19.7;11.8;4.6;66;51;31;14.5;5.5;0;1021.7;1012.9;0
11/04/22;12.8;16.9;13:43;10.1;00:32;5.5;0;0;14.7;57.2;23:18;103;16.9;12.8;10.1;84;71;61;36.2;14.6;5.8;1012.9;1008.5;0
12/04/22;13.6;16.7;16:22;11.6;23:57;4.7;0;0;19.4;96.8;01:39;116;16.7;13.6;11.7;78;66;42;48.8;19.5;1.9;1012.9;1007.8;0
13/04/22;12.3;14.6;14:57;11.1;23:13;6;0;2.1;4.1;26.3;03:59;58;14.6;12.3;11.1;90;82;76;12.4;4.2;0;1020.7;1012.9;2
14/04/22;14.3;21.5;16:56;7.2;07:40;4.1;0;0.3;3.3;17.6;20:51;281;21.5;14.3;7.2;95;77;51;11.1;3.4;0;1021.7;1018.6;0.3
15/04/22;15.7;21;18:50;10.8;07:50;2.6;0;0;4;22;22:33;270;21;15.7;10.8;86;73;60;11.9;4;0;1024;1020.7;0
16/04/22;15.7;21.3;17:40;10.8;09:01;2.7;0;0;5.5;28.8;18:46;275;21.3;15.7;10.8;92;75;54;14;5.5;0.2;1024;1019;0
17/04/22;16.8;22.9;15:07;10.6;07:00;1.5;0;0;5.4;31;23:23;279;22.9;16.8;10.6;87;64;37;17.5;5.5;0;1020.7;1015.9;0
18/04/22;13.1;16.8;17:19;10.4;05:06;5.2;0;0;5.4;39.6;00:15;294;16.8;13.1;10.4;88;75;55;18.8;5.5;0.8;1020;1015.6;0
19/04/22;11.1;13.4;13:53;8.9;00:00;7.2;0;5.4;3.9;24.1;19:45;271;13.3;11.1;8.9;94;86;74;12.7;3.9;0;1016.9;1011.5;5.3
20/04/22;9.1;10.5;15:24;8.1;05:30;9.2;0;14.7;2.1;15.5;00:02;219;10.4;9.1;8.1;95;93;89;7.2;2.1;0;1012.2;1009.1;14.7
21/04/22;9.4;10.9;17:59;8.1;05:50;8.9;0;14.4;5.2;22;12:21;264;10.9;9.4;8.1;96;96;94;10.6;5.1;0;1010.8;1008.1;14.5
22/04/22;13.4;19.1;17:08;10;06:03;4.9;0;0;2.6;19.8;23:24;321;19.1;13.5;10;97;85;65;9.5;2.6;0;;;0
23/04/22;10.9;14.5;12:35;7.4;14:36;7.4;0;12.9;6.6;52.9;13:02;99;14.5;10.9;7.4;94;83;72;25.1;6.6;0;;;17.3
24/04/22;11.4;16.3;14:59;8.2;01:00;6.9;0;16.3;12.5;48.6;09:08;266;16.1;11.4;8.2;97;87;68;24.3;12.6;2.1;1014.9;1008.1;16.3
25/04/22;12.7;17.5;16:36;9.1;04:57;5.7;0;0;3.7;22;00:09;302;17.4;12.7;9.1;94;78;58;10.9;3.7;0;1015.6;1013.5;0
26/04/22;16.4;23.2;15:26;10.3;05:19;1.9;0;0;2.4;13.3;05:45;44;23.2;16.4;10.3;77;58;34;7.2;2.4;0;1015.6;1012.5;0
27/04/22;17.7;24;14:00;12.4;05:50;0.6;0;0;3.3;26.3;02:43;71;23.9;17.7;12.4;69;58;46;9.2;3.4;0.3;1019;1014.2;0
28/04/22;15.3;20.1;14:50;11.7;06:17;3;0;0;3.5;19.8;17:51;290;20.1;15.3;11.7;89;79;65;10.5;3.4;0;1027.1;1019;0
29/04/22;16.7;22.4;14:40;13.1;06:50;1.6;0;0;4.3;22;00:38;306;22.4;16.7;13.1;91;78;62;10.8;4.3;0.5;1027.4;1023;0
30/04/22;16.4;21.2;16:08;13.3;07:45;2;0;0;6.4;33.1;23:51;292;21.1;16.4;13.3;88;73;49;15.6;6.4;1.1;1024.7;1019.6;0
01/05/22;15.4;20.2;14:53;10.9;08:10;3;0;0;5.5;26.3;00:12;299;20.1;15.4;10.9;92;71;49;14.8;5.5;1.3;1021.7;1017.3;0
02/05/22;15.5;21.2;15:14;11.8;06:41;2.8;0;0;2.7;17.6;13:49;278;21.2;15.6;11.8;85;70;54;7.4;2.7;0;1017.9;1012.9;0
03/05/22;15.1;20.9;15:51;11.8;07:13;3.3;0;7.7;2;15.5;18:19;302;20.9;15.1;11.8;88;78;59;5.1;1.9;0;1017.9;1014.2;7.6
04/05/22;14.1;19;16:33;12.1;07:00;4.3;0;2.3;3.4;22;23:58;260;18.8;14.1;12.1;93;87;72;9.5;3.4;0.2;1021.7;1017.9;2.3
05/05/22;14.2;18.5;13:50;10.1;06:20;4.2;0;2.6;7.4;31;05:40;294;18.4;14.2;10.1;93;76;54;15.1;7.4;0.2;1023.7;1021.3;2.5
06/05/22;14.8;19;15:33;10.1;06:03;3.6;0;0;7.4;37.4;10:58;320;18.8;14.8;10.1;83;67;52;14.3;7.4;3.1;1024;1022;0
07/05/22;16.3;21.6;16:29;10.6;06:55;2;0;0;7.9;31;16:18;291;21.6;16.3;10.6;90;67;46;15.4;7.9;0.5;1024.7;1019.6;0
08/05/22;18;23.4;15:29;12.6;06:45;0.3;0;0;3.9;26.3;16:55;294;23.2;18.1;12.6;87;65;48;12.1;4;0.2;1022;1019.6;0
09/05/22;19.9;26.5;15:33;13.5;06:56;0;1.6;0;1.5;11.2;12:12;240;26.4;19.9;13.6;75;59;41;5;1.4;0;1023.4;1020.3;0
10/05/22;21.2;28.8;13:28;14.5;06:31;0;2.9;0;2.1;15.5;15:23;147;28.8;21.2;14.6;74;57;33;6.8;2.1;0;1023;1019;0
11/05/22;22.4;30.5;14:18;15.6;06:50;0;4;0;2.9;17.6;17:42;106;30.5;22.4;15.6;64;52;39;7.4;2.9;0.6;1020.3;1015.6;0
12/05/22;20;27.9;15:15;14.4;03:45;0;1.7;0;2.4;22;20:51;26;27.9;20;14.4;87;68;50;6.9;2.4;0;1022.4;1017.6;0
13/05/22;20.3;25.5;16:42;15.7;04:33;0;2;0;2.1;17.6;17:48;315;25.4;20.3;15.7;78;68;56;6.6;2.1;0;1023.4;1019.6;0
14/05/22;22.9;31.1;14:39;16.8;06:46;0;4.6;0;2.1;15.5;07:16;82;31;22.9;16.8;81;63;43;5.6;2.1;0;1021;1014.2;0
15/05/22;22.1;29;14:13;17.6;06:49;0;3.7;0;4;26.3;15:20;63;28.9;22.1;17.7;70;59;46;8.5;4;1;1016.6;1011.9;0
16/05/22;21.8;28.4;16:07;14.8;06:12;0;3.4;0;1.7;13.3;17:25;321;28.3;21.8;14.8;80;64;46;6;1.6;0;1020;1016.6;0
17/05/22;24.4;32.9;14:39;17.3;06:28;0;6.1;0;1.9;22;23:23;244;32.8;24.4;17.4;82;62;41;8.9;1.9;0;1019.6;1015.2;0
18/05/22;25.5;33.8;13:59;18.8;06:44;0;7.2;0;3;22;23:47;133;33.8;25.5;18.8;68;53;35;10.8;3.1;0;1020.3;1015.2;0
19/05/22;23.8;31.7;14:04;17.9;06:35;0;5.5;0;3.3;22;02:38;61;31.6;23.8;18;78;60;44;9.3;3.4;0.2;1021;1016.9;0
20/05/22;24.1;31.7;13:30;19;06:18;0;5.7;0;3.6;22;02:20;76;31.7;24.1;19.1;73;58;43;8.9;3.5;0.6;1023.7;1019.3;0
21/05/22;25.3;34.4;15:30;17.6;06:21;0;6.9;0;1.7;13.3;07:33;115;34.3;25.2;17.6;82;62;38;4.8;1.6;0;1024;1014.6;0
22/05/22;25.2;33.3;14:25;18.5;07:30;0;6.9;0;2.9;26.3;22:58;292;33.3;25.2;18.5;84;67;37;14.3;2.9;0;1015.6;1006.1;0
23/05/22;18.7;23.9;00:00;16.7;09:05;0;0.4;0;5.8;33.1;02:13;277;24;18.7;16.7;85;76;66;13.8;5.8;0;1012.2;1007.8;0
24/05/22;14;17.3;00:00;11.7;23:51;4.3;0;1.8;5;43.9;01:38;286;17.3;14;11.8;89;82;69;16.3;5;0.3;1017.3;1012.5;1.8
25/05/22;15.1;19.9;15:27;11.3;06:45;3.2;0;0;8.2;35.3;12:47;304;19.8;15.1;11.3;90;70;45;14.2;8.2;3.4;1026.1;1016.9;0
26/05/22;15.3;19;12:04;11.6;06:07;3;0;0;7.3;35.3;01:00;307;18.9;15.3;11.6;84;73;55;15.9;7.4;3.7;1027.8;1025.7;0
27/05/22;18.8;24.8;16:56;13.3;06:29;0;0.4;0;7.2;33.1;01:36;307;24.7;18.8;13.3;86;68;51;11.4;7.2;3.9;1027.1;1020.7;0
28/05/22;20;25.4;16:48;13.7;06:47;0;1.7;0;5.9;26.3;00:14;309;25.3;20;13.7;83;61;41;10.9;6;0.3;1021.7;1012.2;0
29/05/22;19.3;25.8;15:33;12.4;06:30;0;0.9;0;4.1;24.1;12:13;322;25.7;19.3;12.4;62;45;29;8.7;4;0;1012.2;1006.1;0
30/05/22;19.6;26.6;15:39;13.2;06:50;0;1.3;0;2.3;15.5;08:40;298;26.5;19.6;13.3;66;50;38;6.6;2.3;0;1011.2;1006.8;0
31/05/22;20.6;27.1;16:01;14.6;08:07;0;2.2;4.9;2.3;17.6;15:35;279;27.1;20.6;14.7;89;67;47;6.4;2.3;0;1015.6;1011.2;4.8
01/06/22;24.3;33.1;15:10;17.7;03:19;0;6;0;2.5;19.8;07:00;62;33;24.6;17.8;70;55;38;7.7;2.6;0.2;1015.6;1010.2;0
02/06/22;22.5;29.7;15:54;17.1;04:30;0;4.1;0;3;28.8;05:32;135;29.6;22.6;17.1;88;68;48;11.3;3.1;0;1015.6;1011.5;0
03/06/22;23.9;33.4;13:47;17.4;07:15;0;5.5;0.5;3.8;28.8;22:05;47;33.3;24;17.4;81;62;42;13.5;3.9;0;1015.6;1010.5;0.5
04/06/22;22.9;31.2;17:02;17;05:57;0;4.6;0.3;3.2;24.1;19:44;311;31.2;26.2;20.4;83;65;49;12.1;4;0.8;1015.9;1012.2;0.3
05/06/22;20.6;24.6;18:13;16.9;06:52;0;2.3;0;4.9;28.8;02:14;309;24.5;22.1;19.1;74;64;56;10.3;4.5;1.3;1021.7;1019.6;0
06/06/22;22.2;31.3;13:19;15.9;06:46;0;3.9;0.3;2.9;26.3;18:09;338;31.1;22.2;15.9;82;65;40;10.8;2.9;0;1022;1015.6;0.3
07/06/22;19.7;23.1;15:20;17;07:06;0;1.3;0;3.9;22;06:51;309;23;19.7;17;90;74;56;7.7;3.9;0.3;1021.3;1017.3;0
08/06/22;17.7;20.6;17:52;15.6;11:12;0.6;0;2.3;4.4;35.3;22:50;302;20.6;17.7;15.7;93;81;67;13.8;4.3;0;1019.3;1013.5;2.3
09/06/22;16.8;21.3;14:07;12.9;06:28;1.5;0;0;7.9;37.4;17:02;316;21.2;16.9;12.9;92;73;52;15.9;7.9;1.8;1024.4;1019.3;0
10/06/22;21.1;28.4;15:48;14;06:14;0;2.8;0;3.6;24.1;18:08;333;28.3;21.1;14;84;60;37;10.5;3.7;0;1024.4;1019.6;0
11/06/22;25.4;33.6;15:50;17.9;06:46;0;7.1;0;2.4;17.6;18:57;333;33.6;25.3;17.9;71;48;23;6.4;2.4;0;1022.4;1018.3;0
12/06/22;25.5;31.6;16:47;19.1;06:05;0;7.2;0;2.7;28.8;12:45;305;31.6;25.5;19.2;76;56;43;13;2.7;0;1022.7;1017.6;0
13/06/22;25.7;32.2;15:36;18.6;06:45;0;7.4;1.5;4.2;39.6;05:01;305;32.2;25.7;18.6;89;63;41;16.1;4.2;0.3;1022.7;1015.9;1.5
14/06/22;28.5;38.1;14:32;21.6;06:42;0;10.2;0;2.4;17.6;21:55;136;38.1;28.6;21.6;75;52;28;10.3;2.4;0;1016.9;1011.5;0
15/06/22;29.7;37.2;16:10;22.4;07:30;0;11.3;0;2.9;22;00:04;277;37.2;29.6;22.4;58;42;29;12.2;2.9;0;1017.9;1013.2;0
16/06/22;29.9;37.5;15:00;22.8;06:12;0;11.5;0;2.2;15.5;12:17;333;37.4;29.9;22.9;62;46;29;6.1;2.3;0;1019.3;1016.3;0
17/06/22;30.8;38.9;15:11;22.8;06:36;0;12.5;0;2.2;13.3;03:02;341;38.7;30.8;22.8;62;41;22;7.9;2.3;0.2;1020.7;1016.3;0
18/06/22;31.3;39.5;13:43;25.4;04:29;0;12.9;0;4.8;28.8;15:51;112;39.4;31.2;25.5;47;33;24;13.7;4.7;0;1017.9;1009.1;0
19/06/22;28.8;34.6;13:06;24.3;23:55;0;10.4;0;11.1;48.6;17:58;122;34.6;28.7;24.4;56;41;31;27.4;11.1;1.4;1009.8;1004.1;0
20/06/22;25.5;31.7;13:54;20.5;04:35;0;7.2;0;3.4;22;14:17;110;31.6;25.6;20.5;76;61;45;10.9;3.4;0;1011.5;1008.5;0
21/06/22;23.9;30.4;16:36;21.1;23:55;0;5.6;3.4;3;19.8;23:08;263;30.4;23.9;21.2;90;74;56;11.4;3.1;0;1012.2;1008.1;3.3
22/06/22;24.2;30.1;16:48;20;06:35;0;5.9;0;4.4;31;03:50;228;30.1;24.2;20.1;88;66;46;16.3;4.3;0;1011.9;1005.8;0
23/06/22;22.7;30.4;11:57;17.7;06:27;0;4.4;1.5;3.7;37.4;12:45;315;30.3;22.7;17.7;88;68;46;17.1;3.7;0;1015.2;1008.1;1.5
24/06/22;19.7;25.1;15:28;13.9;08:34;0;1.4;13.4;2.5;37.4;07:52;313;25.1;19.7;14;91;74;52;17.4;2.4;0;1016.6;1013.2;13.5
25/06/22;22.7;31.3;13:52;17.1;06:31;0;4.4;1.3;4.7;33.1;18:33;0;31.2;22.7;17.2;87;62;39;11.9;4.7;0;1014.9;1008.8;1.3
26/06/22;16.4;18.2;15:25;15;07:01;2;0;1.3;3.7;19.8;03:28;310;18.2;16.4;15;94;91;85;10.8;3.7;0.5;1015.9;1012.5;1.3
27/06/22;15.3;17.1;17:19;14.1;22:19;3.1;0;5.9;4.7;19.8;00:13;301;17.1;15.3;14.2;95;92;85;9;4.7;0;1022.7;1016.3;5.8
28/06/22;18.9;25.6;15:07;14.5;00:01;0;0.6;0;5.4;22;05:09;299;25.6;18.9;14.5;93;72;44;11.7;5.5;0.2;1023;1015.9;0
29/06/22;21.4;30.2;15:00;16.4;06:00;0;3;0;2.2;15.5;20:00;342;30.2;21.4;16.5;72;58;32;6.8;2.3;0;1018.3;1010.5;0
30/06/22;16.1;21.6;00:00;14.6;10:20;2.2;0;1.8;4.5;17.6;01:00;317;;;;;;;;;;;;
01/07/22;18.1;24.2;15:45;13;04:10;0.2;0;0.3;4;19.8;00:20;319;;;;;;;;;;;;
02/07/22;23.6;32.7;15:30;15;06:55;0;5.2;0;2.7;15.5;07:05;354;;;;;;;;;;;;
03/07/22;20.6;37.4;16:00;18.2;06:25;0;2.3;0;2.9;15.5;01:40;243;;;;;;;;;;;;
04/07/22;;;;;;;;;;;;;;;;;;;;;;;;
05/07/22;;;;;;;;;;;;;;;;;;;;;;;;
06/07/22;;;;;;;;;;;;;;;;;;;;;;;;
07/07/22;;;;;;;;;;;;;;;;;;;;;;;;
08/07/22;;;;;;;;;;;;;;;;;;;;;;;;
09/07/22;;;;;;;;;;;;;;;;;;;;;;;;
10/07/22;;;;;;;;;;;;;;;;;;;;;;;;
11/07/22;;;;;;;;;;;;;;;;;;;;;;;;
12/07/22;;;;;;;;;;;;;;;;;;;;;;;;
13/07/22;;;;;;;;;;;;;;;;;;;;;;;;
14/07/22;37.5;37.8;16:50;28.7;23:59;0;19.2;0;2.2;17.6;19:01;42;37.8;33.4;28.8;38;29;23;10.1;4.2;0.6;1017.3;1015.6;0
15/07/22;29.8;36.7;14:47;22.6;07:15;0;11.5;0;3.8;24.1;14:52;306;36.7;29.8;22.6;57;38;21;10;3.7;0;1018.6;1014.6;0
16/07/22;30.3;38.4;16:45;22.7;06:14;0;12;0;3;19.8;15:28;328;38.3;30.3;22.7;50;35;17;7.6;3.1;0;1016.9;1014.2;0
17/07/22;31.3;41.4;14:53;23.3;06:04;0;13;0;2.5;15.5;16:57;148;41.3;31.3;23.3;50;34;16;8;2.6;0;1018.3;1015.2;0
18/07/22;31.9;39.7;13:48;26.6;05:44;0;13.5;0;5.5;26.3;17:48;105;39.6;31.8;26.6;41;31;20;13.2;5.5;1.8;1018.3;1013.5;0
19/07/22;30.7;39.5;13:55;23.9;07:59;0;12.4;0;4.9;24.1;00:03;65;39.4;30.7;23.9;49;33;23;12.6;5;1;1016.6;1012.5;0
20/07/22;25.5;30.2;17:24;21.5;07:51;0;7.2;0;4.8;26.3;06:31;301;30.1;25.5;21.5;74;56;41;11.1;4.8;0.3;1022.4;1015.9;0
21/07/22;26.8;34.5;16:23;18.9;06:29;0;8.5;0;3.4;22;17:16;326;34.4;26.8;18.9;73;50;31;7.9;3.4;0.3;1022.4;1015.6;0
22/07/22;27.1;34.2;13:07;23.1;05:47;0;8.8;0;5.4;26.3;19:08;280;34.2;27.2;23.2;59;50;40;13.7;5.5;0;1021.3;1015.6;0
23/07/22;23.4;29.4;16:36;18;07:20;0;5.1;1.3;5.1;28.8;00:01;307;29.3;23.4;18;83;60;38;10.5;5.1;1;1022.4;1018.3;1.3
24/07/22;28.8;38.7;16:17;19.8;06:30;0;10.4;0;1.8;13.3;18:39;221;38.7;28.8;19.8;65;45;24;5.1;1.8;0;1020;1011.9;0
25/07/22;24;28;00:00;20.8;06:28;0;5.6;0;5.9;37.4;22:57;298;28;24;20.8;80;63;45;18.8;5.8;0;1020.7;1014.2;0
26/07/22;22.3;27.6;15:38;17.2;06:54;0;3.9;0;7.5;33.1;12:22;315;27.4;22.3;17.2;82;56;32;14.2;7.6;3.7;1021;1016.3;0
27/07/22;22.8;29.2;15:02;16.2;06:48;0;4.5;0;5.6;28.8;13:56;304;29.2;22.8;16.2;68;48;32;10.5;5.6;1.6;1018.6;1012.2;0
28/07/22;23.5;30;16:53;17.3;06:13;0;5.2;0;2.7;17.6;13:42;301;29.9;23.5;17.3;65;50;37;7.2;2.7;0;1015.6;1012.5;0
29/07/22;22.1;27.7;14:16;17.3;09:12;0;3.8;2.1;4.7;28.8;20:56;272;27.7;22.1;17.3;87;68;50;12.9;4.7;0;1020.7;1015.2;2
30/07/22;24.6;31.2;15:21;18.4;06:53;0;6.2;0;4.2;26.3;17:34;305;31;24.6;18.4;83;60;38;9.8;4.2;0;1021.7;1018.3;0
31/07/22;26.7;33.4;15:14;19.2;06:40;0;8.3;0;4.2;24.1;22:34;305;33.3;26.7;19.2;71;50;32;10.1;4.2;0.2;1021.7;1015.9;0
01/08/22;27.5;34.7;16:29;20.4;05:48;0;9.2;0;4.9;31;22:43;292;34.6;27.5;20.4;73;48;30;12.7;5;0.8;1020;1014.9;0
02/08/22;29.1;36.5;15:28;21.3;06:06;0;10.8;0;3.3;22;17:06;307;36.4;29.1;21.3;60;38;19;8.7;3.2;0;1017.9;1012.5;0
03/08/22;30.8;39.7;14:48;23.3;06:40;0;12.4;0;2.7;17.6;13:53;139;39.6;30.8;23.3;48;34;24;7.1;2.7;0;1014.9;1011.2;0
04/08/22;29.4;38.3;16:00;21.6;06:42;0;11.1;0;3.2;17.6;17:25;223;38.3;29.4;21.6;79;49;32;10.8;3.2;0;1015.6;1011.5;0
05/08/22;26.3;32.8;16:50;21;06:42;0;8;0;4.8;22;00:57;303;32.8;26.3;21;75;59;41;12.6;4.8;0;1018.6;1015.2;0
06/08/22;26.8;32.8;16:09;20.1;06:25;0;8.4;0;4.7;26.3;15:17;295;32.8;26.8;20.1;74;54;38;12.9;4.7;0.2;1020.3;1014.9;0
07/08/22;28.3;35;15:35;21.6;06:41;0;10;0;3.9;22;17:37;301;35;28.3;21.6;58;38;19;9.3;3.9;0;1017.6;1012.9;0
08/08/22;28.4;35.2;16:04;21.1;06:47;0;10;0;3.6;22;22:32;286;35.2;28.3;21.2;51;30;16;10.3;3.5;0;1017.9;1013.9;0
09/08/22;29.3;37;16:00;21.5;07:00;0;11;0;2.7;15.5;09:26;270;36.8;29.3;21.5;48;29;18;7.1;2.7;0.2;1019.3;1014.9;0
10/08/22;30.3;39.9;14:17;23.1;07:27;0;12;0;2.8;17.6;17:12;155;39.8;30.3;23.1;42;30;17;9;2.7;0;1016.9;1012.5;0
11/08/22;30.3;39.9;15:26;23.2;07:41;0;12;0;3.3;19.8;03:38;130;39.9;30.3;23.2;70;47;27;10.3;3.2;0;1015.9;1010.8;0
12/08/22;30.9;38.8;14:26;22.6;07:11;0;12.5;0;3.2;28.8;15:53;313;38.8;30.9;22.7;82;51;26;10.8;3.2;0;1013.9;1008.5;0
13/08/22;28.8;36.2;15:20;21.5;07:17;0;10.5;0;3.6;22;04:03;282;36.1;28.8;21.6;79;54;35;8.9;3.5;0.3;1013.5;1008.5;0
14/08/22;25.5;30.1;14:53;21.2;06:20;0;7.2;0;5.5;31;04:37;307;30;25.5;21.2;83;62;44;16.6;5.5;0.3;1011.2;1008.1;0
15/08/22;23.7;29.4;16:03;19;06:40;0;5.3;0;3.8;22;14:11;328;29.3;23.7;19;76;57;39;9.3;3.9;0;1011.5;1007.8;0
16/08/22;25.2;35.9;13:58;19.8;07:05;0;6.8;0.8;4.1;41.8;16:27;122;35.8;25.2;19.9;83;53;27;23.3;4;0;1009.8;1003.7;0.8
17/08/22;20.5;25.1;18:29;17.3;07:06;0;2.2;0.3;3.8;28.8;01:44;292;25.1;20.6;17.3;87;73;53;12.7;3.9;0;1014.9;1008.8;0.3
18/08/22;20.6;26.1;14:03;16.8;06:58;0;2.2;0;9;39.6;22:07;284;25.9;20.6;16.9;88;70;47;19.3;9;1.3;1019;1014.2;0
19/08/22;20;25.2;16:48;16.2;09:13;0;1.6;1;7.7;33.1;02:03;298;25.1;20;16.3;92;73;50;16.4;7.7;2.7;1022.7;1019;1
20/08/22;23.8;30.9;15:45;17.6;07:11;0;5.5;0;3.7;28.8;17:19;320;30.8;23.8;17.7;81;59;36;9.3;3.7;0;1021.3;1016.6;0
21/08/22;24.1;29.3;14:20;19.9;06:13;0;5.8;0;4.7;33.1;12:20;323;29.2;24.2;19.9;72;57;41;13.7;4.7;0;1018.3;1015.2;0
22/08/22;21.7;24.7;17:31;19.1;08:19;0;3.3;0.8;7;31;22:18;298;;;;;;;;;;;;
23/08/22;24.6;31;16:29;19.1;07:09;0;6.3;0;4.8;26.3;15:28;319;;;;;;;;;;;;
24/08/22;28;37.5;15:43;21.4;07:39;0;9.7;0;2.4;15.5;19:01;108;;;;;;;;;;;;
25/08/22;24;26;01:27;22.2;04:56;0;5.7;0;4.3;33.1;04:30;259;;;;;;;;;;;;
26/08/22;;;;;;;;;;;;;;;;;;;;;;;;
27/08/22;;;;;;;;;;;;;;;;;;;;;;;;
28/08/22;30.9;34.8;14:05;24.9;10:30;0;12.5;0;2.8;15.5;13:55;325;;;;;;;;;;;;
29/08/22;26.8;35.9;14:15;19.5;23:55;0;8.5;15;4.2;52.9;20:30;123;;;;;;;;;;;;
30/08/22;24.7;31.6;14:25;18.3;08:05;0;6.4;0;3.6;17.6;15:35;306;;;;;;;;;;;;
31/08/22;24;29.6;14:15;19.9;06:20;0;5.7;0;3.8;19.8;13:50;269;;;;;;;;;;;;
01/09/22;23;28.9;16:25;18.8;06:15;0;4.6;0;2.7;13.3;17:45;293;;;;;;;;;;;;
02/09/22;24;29.8;16:30;18.9;07:15;0;5.7;0;2.7;15.5;15:35;293;28.1;21.8;16.8;92;74;54;12.2;2.3;0;1015.9;1011.5;4.3
03/09/22;21.7;28.2;16:30;16.8;06:05;0;3.4;4.3;2.3;24.1;05:50;330;32.8;27.5;19.7;83;57;40;13.8;5.5;1;1016.3;1013.9;0
04/09/22;24.8;32.9;14:10;19.5;03:51;0;6.5;0;4.5;24.1;16:47;110;34;26.4;22.1;80;64;37;14.3;5.3;0.6;1017.6;1014.2;0
05/09/22;26.4;34.1;13:58;22.1;07:05;0;8.1;0;5.2;28.8;14:32;121;33.3;25.1;20.3;86;70;42;8.5;3.5;0;1016.6;1011.5;0
06/09/22;25.2;33.4;15:13;20.3;08:16;0;6.8;0;3.5;17.6;15:06;8;28.2;22.2;18;81;68;51;10.3;4.2;1;1015.9;1010.5;0
07/09/22;22.4;28.3;17:00;17.9;08:02;0;4.1;0;5.1;17.6;00:02;302;;;;;;;;;;;;
08/09/22;21.2;26.6;15:30;16;07:40;0;2.9;0;2.6;15.5;12:30;338;;;;;;;;;;;;
09/09/22;19.5;20.1;00:05;18.4;01:20;0;1.1;0;3.9;13.3;01:00;343;;;;;;;;;;;;
10/09/22;;;;;;;;;;;;;;;;;;;;;;;;
11/09/22;;;;;;;;;;;;;;;;;;;;;;;;
12/09/22;;;;;;;;;;;;;;;;;;;;;;;;
13/09/22;;;;;;;;;;;;;;;;;;;;;;;;
14/09/22;;;;;;;;;;;;;;;;;;;;;;;;
15/09/22;;;;;;;;;;;;;;;;;;;;;;;;
16/09/22;22.9;23;19:15;17.1;23:57;0;4.6;0;10;24.1;19:40;293;23;20.1;17.6;58;53;45;12.2;7.7;3.5;1015.9;1012.5;0
17/09/22;16.9;22.3;16:25;12.9;08:11;1.5;0;0;5.1;35.3;15:09;325;22.1;16.9;12.9;74;50;29;10;5.1;2.1;1019.6;1016.3;0
18/09/22;17.1;24.8;16:54;9.9;07:27;1.2;0;0;3;17.6;13:27;348;24.7;17.1;10;60;38;20;7.9;3.1;0;1020;1015.9;0
19/09/22;18.9;25.8;15:13;11.7;07:31;0;0.5;0;3.2;24.1;15:09;308;25.7;18.9;11.7;51;35;20;8.9;3.2;0;1019;1015.9;0
20/09/22;18.4;24.8;16:03;11.3;07:35;0;0.1;0;3.6;26.3;13:54;315;24.7;18.4;11.3;63;42;21;10.6;3.7;0;1020.7;1017.6;0
21/09/22;17.9;24.1;15:54;11.8;07:11;0.4;0;0;2.3;24.1;14:51;318;24.1;17.7;11.8;66;46;31;8;2.3;0;1021.3;1017.6;0
22/09/22;19.4;26.9;14:52;13.1;05:20;0;1.1;0;2.4;15.5;17:43;269;26.8;19.3;13.1;75;54;35;6.9;2.4;0;1021;1016.6;0
23/09/22;19.8;27.9;13:51;15.3;08:07;0;1.5;24.5;3.6;28.8;21:17;98;27.9;19.8;15.3;93;66;41;12.4;3.5;0;1019;1014.6;24.4
24/09/22;15.9;20.7;13:18;13.1;23:53;2.5;0;1.5;3.3;22;01:02;300;20.6;15.9;13.2;94;85;61;8;3.4;0;1017.3;1013.9;1.5
25/09/22;14.1;18;15:19;11.7;06:23;4.2;0;0;4.9;24.1;16:02;299;17.9;14.1;11.8;93;81;64;10.1;5;0.8;1017.6;1014.9;0
26/09/22;14.2;18.6;15:49;9.3;07:49;4.2;0;0;6.5;33.1;12:20;286;18.6;14.2;9.3;90;72;50;17.9;6.4;0.2;1017.3;1012.5;0
27/09/22;13.8;16.9;16:43;12;05:21;4.5;0;2.3;10.6;37.4;17:25;278;16.9;13.8;12.1;94;83;64;17.9;10.6;4;1014.9;1011.9;2.3
28/09/22;14.6;16.8;15:56;13.2;23:44;3.8;0;10.8;12.7;43.9;12:49;265;16.8;14.6;13.3;96;92;86;20.3;12.7;6.4;1013.9;1006.8;10.9
29/09/22;13.1;16.3;14:25;11.5;23:55;5.3;0;15.5;7.2;35.3;01:03;269;16.2;13.1;11.5;95;91;76;18.3;7.2;0;1008.1;1003.4;15.5
30/09/22;12.6;17.4;16:20;9.8;05:45;5.7;0;0.8;6.6;33.1;16:53;303;17.4;12.7;9.8;96;80;54;13.7;6.6;1.9;1020.3;1008.1;0.8
01/10/22;15.7;21.8;16:37;10.3;06:05;2.7;0;0;5.7;28.8;16:40;281;21.8;15.7;10.3;86;74;60;14;5.8;0;1028.1;1020.3;0
02/10/22;18;23.4;16:13;14.1;06:36;0.4;0;0;2.6;17.6;20:55;336;23.3;17.9;14.1;92;77;58;6.4;2.6;0;1028.8;1024.7;0
03/10/22;17.9;22.7;17:13;14.1;08:35;0.4;0;0;2.2;17.6;16:29;338;22.7;17.9;14.1;90;74;55;5.8;2.3;0;1026.1;1020.7;0
04/10/22;18.2;23.8;16:38;13.1;08:05;0.1;0;0;1.8;15.5;18:16;352;23.7;18.2;13.1;86;68;52;7.4;1.8;0;1023.7;1020.7;0
05/10/22;19.4;26.2;13:57;15.2;03:40;0;1;0;3.7;22;06:34;116;;;;;;;;;;;;
06/10/22;16.9;20.2;16:49;15.6;08:57;1.4;0;0;2;13.3;01:22;302;20.1;16.9;15.6;93;85;73;6.1;1.9;0;1031.2;1027.4;0
07/10/22;17.8;24.1;14:24;13.5;07:41;0.5;0;0;2.5;17.6;05:47;93;24.1;17.8;13.5;92;78;56;7.1;2.4;0;1027.8;1020.7;0
08/10/22;17.5;21.1;17:15;15.5;10:15;0.9;0;0;2.3;15.5;08:39;337;21.1;17.4;15.5;93;82;69;6;2.3;0;1023;1019.6;0
09/10/22;18.3;24.5;15:15;14.1;08:06;0.1;0;0;2.8;15.5;16:35;110;24.5;18.3;14.1;87;73;50;7.7;2.7;0.2;1020.7;1014.6;0
10/10/22;19.3;25.5;14:44;15.8;02:17;0;0.9;0;2.9;17.6;16:42;110;25.4;19.3;15.8;83;71;50;8;2.9;0;1020.7;1016.3;0
11/10/22;18.5;24;13:28;15.3;06:15;0;0.2;0;1.6;13.3;14:05;38;23.9;18.5;15.3;83;72;54;5.6;1.6;0;1021.7;1019.6;0
12/10/22;18.2;23.8;15:31;14.9;08:07;0.1;0;0;1.3;15.5;17:33;299;23.8;18.2;14.9;86;74;58;5.6;1.3;0;1023.7;1021;0
13/10/22;17.3;22;15:41;13.7;06:01;1;0;0;1.8;17.6;21:41;285;21.9;17.3;13.7;88;76;62;8.9;1.8;0;1024.4;1021.3;0
14/10/22;17.5;21.8;15:36;15.7;23:55;0.8;0;1;6.2;35.3;15:50;280;21.8;17.6;15.8;93;84;69;14.3;6.1;0;1023.4;1020.3;1
15/10/22;18.8;26;16:07;13.7;07:36;0;0.5;0;2.5;22;21:59;71;26;18.8;13.8;86;74;51;6.4;2.4;0;1020.7;1011.9;0
16/10/22;20.3;25.5;14:56;16.7;00:19;0;2;0;6;35.3;13:57;114;25.4;20.3;16.7;89;76;54;18;6;1.1;1018.3;1014.6;0
17/10/22;21.2;23.8;15:52;19.5;23:37;0;2.9;0;6.9;28.8;01:06;119;23.8;21.2;19.5;78;72;64;14;6.9;1.1;1025.4;1017.9;0
18/10/22;21.1;27;14:03;18.3;07:01;0;2.8;0;3.3;22;15:53;108;26.9;21.1;18.3;84;74;54;9.2;3.4;0.6;1025.4;1022.7;0
19/10/22;20.8;25.8;12:50;18;05:50;0;2.5;0;3.8;24.1;07:53;109;25.7;20.8;18;82;74;60;9.5;3.9;0.3;1022.7;1015.6;0
20/10/22;20.9;24.5;13:26;18;05:30;0;2.6;1;7;35.3;23:57;131;24.4;20.9;18;91;70;48;18.5;6.9;0.5;1018.6;1010.2;1
21/10/22;21.3;25.4;15:00;18.2;23:28;0;3;0;4.8;41.8;00:08;130;25.4;21.3;18.2;75;61;44;23;4.8;0;1014.9;1009.5;0
22/10/22;20.1;26;14:46;16.1;04:25;0;1.8;0;3.4;17.6;08:58;89;25.9;20.1;16.2;78;66;50;10.6;3.4;0.2;1016.6;1012.2;0
23/10/22;22.3;25.8;13:19;19;00:01;0;4;0;10.9;52.9;14:35;150;25.8;22.3;19;66;52;38;37.3;10.9;1.1;1013.9;1009.8;0
24/10/22;19.9;24.4;13:23;16.3;08:45;0;1.5;0;3.8;22;14:04;356;24.4;19.9;16.3;81;63;41;10.5;3.9;0;1019.3;1013.5;0
25/10/22;20.2;26;15:10;15.3;02:35;0;1.8;0;4.2;22;10:58;93;26;20.2;15.4;70;58;44;11.3;4.2;0.3;1020;1012.5;0
26/10/22;19.4;24.6;14:41;15.6;06:16;0;1.1;0;2.8;24.1;01:24;77;24.6;19.4;15.6;81;72;51;13.5;2.9;0;1021.7;1013.9;0
27/10/22;20.3;26;12:56;17.1;06:06;0;2;0;4;22;18:18;105;26;20.3;17.2;83;73;55;8.7;4;1.1;1023.4;1021.7;0
28/10/22;20.3;24.8;12:59;18;23:55;0;2;0;3.9;24.1;07:09;91;24.8;20.3;18;78;70;56;11.3;3.9;0.8;1024;1022.4;0
29/10/22;21;26.8;15:04;17.8;00:35;0;2.7;0;6.2;39.6;16:16;107;26.7;21;17.9;76;51;30;18;6.1;1.4;1023.4;1017.3;0
30/10/22;19.6;24.8;13:16;16.6;06:30;0;1.2;0;3.2;22;02:42;82;24.8;19.6;16.7;77;64;46;8.9;3.2;0.6;1020.7;1017.9;0
31/10/22;20.3;26.1;12:34;16.5;02:30;0;1.9;0;4.3;26.3;02:08;102;26;20.3;16.6;80;65;43;13.4;4.3;0.6;1020;1012.9;0
01/11/22;16.1;19.1;13:47;13.6;07:31;2.3;0;8.8;2.5;31;01:34;323;19.1;16.1;13.6;94;80;66;15.3;2.6;0;1026.4;1018.3;8.9
02/11/22;15;19.6;13:53;11.5;08:04;3.3;0;0;2.5;13.3;00:04;22;19.5;15;11.5;93;76;52;9;2.6;0;1028.1;1020.3;0
03/11/22;14.1;16.9;15:38;10.7;21:27;4.3;0;4.6;5.2;66.2;17:18;288;16.9;14.1;10.8;93;81;64;30.4;5.1;0;1020.3;1011.5;4.6
04/11/22;10;11.3;13:24;7.9;09:24;8.3;0;0.5;12.7;64.1;14:59;278;11.2;10;7.9;93;85;71;27.4;12.7;4.2;1022.4;1013.5;0.5
05/11/22;9.5;13.1;14:34;6.5;08:42;8.8;0;0;3.9;28.8;00:07;330;13.1;9.5;6.6;91;78;62;11.1;3.9;0;1025.4;1020.7;0
06/11/22;11.4;18;14:07;6;02:53;6.9;0;6.2;2.5;17.6;14:44;330;17.9;11.4;6;81;61;41;8.5;2.4;0;1021.3;1016.6;6.1
07/11/22;13.9;20.2;13:51;9.2;07:15;4.4;0;0;2.4;22;23:00;100;20.2;13.9;9.2;87;72;50;6.1;2.4;0;1021.7;1014.2;0
08/11/22;16.4;21.4;12:12;13.5;06:27;2;0;0;3.6;17.6;04:25;93;21.3;16.4;13.5;86;78;64;9.2;3.5;0.3;1015.2;1012.2;0
09/11/22;14;16.9;12:15;11.5;23:30;4.4;0;3.6;3.8;24.1;14:35;305;16.9;13.9;11.5;95;89;80;11.9;3.9;0;1024.7;1013.5;3.6
10/11/22;11.6;14.3;14:21;9.9;07:46;6.7;0;0.3;2.4;17.6;07:47;335;14.3;11.6;9.9;96;89;76;5.8;2.4;0.2;1029.5;1024.7;0.3
11/11/22;16.3;20.6;13:15;10.7;00:00;2;0;0;8.6;46.4;22:39;114;20.6;16.3;10.6;86;72;56;25.7;8.5;1.3;1028.8;1025.7;0
12/11/22;17.8;23.2;13:45;14.6;07:37;0.5;0;0;5.8;55.1;00:25;91;23.2;17.8;14.7;79;61;44;24.1;6;0.6;1028.4;1023.4;0
13/11/22;14.8;19.7;15:00;10.5;09:31;3.6;0;0;2.6;22;00:02;57;19.7;14.8;10.6;78;58;39;8.4;2.6;0;1023.4;1017.3;0
14/11/22;15.1;19.5;11:36;13.1;23:20;3.2;0;0.3;2.7;19.8;17:04;41;19.4;15.1;13.1;89;79;66;9.2;2.7;0;1017.6;1015.2;0.3
15/11/22;14.8;19.3;12:34;12.1;23:55;3.6;0;0;2.2;24.1;20:50;45;19.3;14.8;12.1;92;84;69;9.7;2.3;0;1015.6;1005.8;0
16/11/22;13.5;17.5;13:57;10.5;08:09;4.8;0;0;2.3;11.2;12:01;129;17.4;13.6;10.5;92;78;61;6.9;2.3;0;1010.5;1002.7;0
17/11/22;13.4;17.4;14:38;10.3;22:35;5;0;0;3.8;31;20:56;240;17.4;13.3;10.4;93;83;70;15.3;3.9;0.2;1009.1;1003.4;0
18/11/22;9.8;12.6;11:55;7.9;23:54;8.5;0;0;7.2;28.8;02:45;276;12.5;9.8;8;94;90;81;14.8;7.2;1.1;1013.2;1009.1;0
19/11/22;7.4;8.5;12:50;6.6;23:49;10.9;0;0;8.3;33.1;21:46;290;8.4;7.4;6.7;95;93;86;14.3;8.2;3.7;1020;1012.9;0
20/11/22;7.8;11.4;13:27;5;07:53;10.6;0;0;4.7;37.4;17:20;289;11.3;7.8;5.1;96;92;80;14;4.7;0.2;1021.7;1018.6;0
21/11/22;8.8;11;13:23;6.5;23:54;9.5;0;0.3;6;57.2;17:50;249;11;8.8;6.6;96;93;88;24.8;6;0;1021.3;1004.4;0.3
22/11/22;6.6;7.9;12:54;4.9;04:26;11.8;0;0.5;9.3;43.9;04:06;259;7.8;6.6;4.9;95;91;85;22;9.3;0;1011.9;1007.8;0.5
23/11/22;10;14.4;13:34;7.2;00:00;8.3;0;0.3;8;52.9;13:12;263;14.3;10.1;7.2;98;91;68;24.5;7.7;1;1016.9;1004.1;0.3
24/11/22;10.2;13.8;14:55;7.7;07:45;8.1;0;0;4;22;01:35;300;;;;;;;;;;;;
25/11/22;8.9;10.1;00:30;7.6;19:00;9.5;0;0.5;7.2;31;23:25;285;10.1;8.9;7.6;96;92;85;20.1;7.4;0;1031.5;1017.9;0.5
26/11/22;8;11;13:41;6.6;05:27;10.3;0;26.1;3;19.8;00:05;353;10.9;8;6.6;96;89;59;10.5;3.1;0.2;1032.8;1026.8;26.2
27/11/22;10;13.4;14:21;7.3;08:11;8.3;0;0;3.3;22;21:23;61;13.3;10;7.3;87;68;50;8.9;3.4;0;1026.8;1017.3;0
28/11/22;8.7;11.1;15:45;7;23:01;9.6;0;6.7;8.4;33.1;12:16;269;11.1;8.7;7;95;91;83;15;8.4;0.3;1021;1017.9;6.6
29/11/22;7.1;9.3;14:59;4.7;23:54;11.2;0;1.8;5;31;01:07;312;9.3;7.2;4.8;97;93;82;15.4;5;0;1021.3;1020;1.8
30/11/22;4.8;6.3;14:07;3.8;23:43;13.5;0;0;0.8;13.3;15:38;2;6.3;4.8;3.8;95;92;86;3.7;0.8;0;1021.3;1018.6;0
01/12/22;3.7;4.1;12:45;3;08:08;14.6;0;0;1;8.6;00:49;325;3.9;3.6;3.1;95;94;93;3.7;1.3;0.2;1022;1020;0
02/12/22;4.9;6.3;13:50;3.9;00:05;13.5;0;0.3;0.6;6.5;14:15;347;;;;;;;;;;;;
03/12/22;5;7.1;12:55;2.8;07:45;13.3;0;0;1;6.5;04:15;37;7.1;5.1;2.8;92;85;73;4;1;0;1013.9;1008.1;0
04/12/22;4.9;6;10:40;2.7;23:40;13.5;0;0;1.6;15.5;23:54;323;5.9;4.9;2.7;94;91;85;7.7;1.6;0;1017.6;1008.8;0
05/12/22;5.9;10.8;14:07;2.2;04:01;12.4;0;0;2.9;17.6;02:22;65;10.8;5.9;2.2;86;73;59;8.2;2.9;0;1020.3;1016.9;0
06/12/22;7.2;11;14:47;4.3;04:47;11.1;0;0;2.4;17.6;01:43;27;10.9;7.2;4.4;76;68;59;6.9;2.4;0;1017.9;1015.9;0
07/12/22;8;11.5;13:48;5.5;23:31;10.3;0;0;1.5;11.2;12:24;352;11.5;8;5.6;80;66;46;4.5;1.4;0;1018.3;1013.2;0
08/12/22;7.2;10.6;13:29;4.2;01:20;11.1;0;0.3;2.2;15.5;05:41;81;10.6;7.2;4.2;93;81;58;6.9;2.3;0;1013.2;1001.4;0.3
09/12/22;8.1;10.9;14:30;6;03:34;10.2;0;0;1.9;17.6;15:05;294;10.8;8.1;6;96;93;87;8.5;1.9;0;1003.4;999;0
10/12/22;1;7.9;00:01;-2.7;23:50;17.3;0;0.3;6.5;31;05:17;306;7.9;1.8;-1.4;97;90;82;15.8;7.4;1;1015.9;1003.4;0.3
11/12/22;-0.2;5;14:50;-4.1;07:55;18.5;0;0;1.8;13.3;09:45;21;4.9;-0.2;-4.1;91;82;68;6.9;1.8;0;1015.2;1006.4;0
12/12/22;3.4;6.7;14:08;0;07:55;14.9;0;5.4;2.8;19.8;17:08;97;6.7;3.4;0;94;76;46;9;2.7;0;1012.2;999.7;5.3
13/12/22;8.1;11.3;13:04;4.2;06:15;10.2;0;0.5;4.1;19.8;04:42;183;11.3;8.1;4.3;95;92;89;13.2;4;0;1004.7;1000.3;0.5
14/12/22;10.4;13.8;13:27;8.1;04:49;7.9;0;3.1;3.7;22;04:04;133;13.8;10.4;8.2;97;93;88;12.4;3.7;0.6;1005.4;1000.7;3
15/12/22;10.2;11.9;07:00;9;10:30;8.1;0;2.3;4.6;28.8;00:26;334;11.9;10.2;9;96;93;87;10.6;4.7;0;1002.4;995.6;2.3
16/12/22;9.3;11.1;12:39;5.9;23:54;9;0;1.8;2.6;24.1;21:03;299;11.1;9.3;6;97;95;90;10.9;2.6;0;1016.9;1002.4;1.8
17/12/22;4.9;6.4;14:22;2.1;23:44;13.5;0;0;1.9;19.8;00:19;332;6.3;4.9;2.2;95;91;84;8.5;1.9;0;1024.4;1016.9;0
18/12/22;7.6;12.2;13:50;2.1;03:03;10.7;0;0.3;4.5;35.3;21:00;94;12.2;7.6;2.2;94;87;75;9.8;4.5;0.2;1026.4;1024;0.3
19/12/22;12.8;16;12:43;10.5;00:00;5.5;0;0;7.4;37.4;03:41;101;15.9;12.8;10.5;86;79;70;13.5;7.4;3.5;1024.4;1021.3;0
20/12/22;12.7;14;11:47;10.7;23:25;5.6;0;0;6.5;31;03:31;102;14;12.7;10.7;91;81;76;14.5;6.4;0.2;1021.7;1016.6;0
21/12/22;11.9;14.7;13:50;10;07:20;6.4;0;0.5;3;17.6;04:05;218;14.7;11.9;10.1;96;87;78;9.5;3.1;0;1022.7;1019.3;0.5
22/12/22;13.3;16.5;14:07;10.4;08:42;5.1;0;0.5;6.5;31;18:13;261;16.5;13.3;10.4;89;82;73;16.4;6.4;0;1024.4;1021;0.5
23/12/22;14.2;17.7;13:23;11.3;08:02;4.1;0;0;3.4;28.8;01:03;229;17.7;14.2;11.4;90;83;74;14.6;3.4;0;1022;1019;0
24/12/22;13.4;17.9;14:05;10.2;08:11;4.9;0;0;3.5;24.1;22:35;84;17.9;13.4;10.2;91;78;61;10.8;3.5;0;1021.3;1017.3;0
25/12/22;11.8;14.3;04:36;7.8;08:40;6.6;0;0;5.3;26.3;05:22;68;14.2;11.8;7.8;90;77;59;14;5.3;0.3;1021.3;1014.6;0
26/12/22;11.2;14.2;14:51;7.8;10:11;7.2;0;0.3;3.4;19.8;10:07;27;14.2;11.2;7.8;94;88;78;10.9;3.4;0;1031.2;1021.3;0.3
27/12/22;10.7;12.7;14:04;9.5;08:09;7.6;0;0;2.2;15.5;20:40;20;12.6;10.7;9.5;96;92;84;7.1;2.1;0;1032.2;1028.4;0
28/12/22;11;16.6;13:30;7.9;08:13;7.4;0;0;4.3;17.6;16:43;97;16.5;9.9;8.2;89;83;67;9.3;4.2;1.1;1028.4;1020;0
29/12/22;10.9;15;14:30;8.6;00:00;7.4;0;1.5;3.5;26.3;18:18;7;15;10.9;8.6;93;84;69;15.3;3.5;0;1021.7;1016.9;1.5
30/12/22;12.2;17;14:28;9.2;04:48;6.1;0;0.3;3.7;19.8;21:34;103;17;12.2;9.2;93;80;69;11.6;3.7;0;1021.7;1017.3;0.3
31/12/22;12.5;16.7;14:03;10.8;04:15;5.8;0;0;5.2;22;13:25;86;16.6;12.6;10.9;90;83;72;11.6;5.1;1;1024.7;1020.3;0
01/01/23;13.5;16.2;11:48;11.5;00:28;4.9;0;0;7.8;35.3;10:04;93;16.2;13.4;11.6;88;76;60;16.9;7.7;4;1024.4;1019.6;0
02/01/23;12.2;15.4;02:20;9.2;22:55;6.1;0;0.3;6.7;41.8;03:47;35;15.3;12.2;9.2;93;78;51;18.2;6.8;1.1;1030.5;1019;0.3
03/01/23;8.9;11.1;15:37;6.2;23:59;9.4;0;0.3;2.1;15.5;13:01;335;11;8.9;6.5;95;91;82;6.4;2.1;0;1034.9;1030.1;0.3
04/01/23;6.9;10.6;14:37;2.9;08:35;11.5;0;0.3;1.9;11.2;00:12;6;10.6;6.8;2.9;96;90;78;7.6;1.9;0;1036.9;1034.5;0.3
05/01/23;9;12.5;14:38;6.5;03:55;9.3;0;0;1.2;13.3;14:15;350;12.4;9.1;6.5;90;85;74;4.5;1.1;0;1035.6;1027.1;0
06/01/23;8.8;10;16:16;7.1;23:33;9.5;0;0;1.2;8.6;00:58;8;10;8.8;7.1;93;89;85;5.3;1.3;0;1027.8;1023.4;0
07/01/23;10.2;14.8;14:12;7.5;00:00;8.1;0;0;4.4;19.8;10:23;90;14.8;10.2;7.5;90;81;66;9.2;4.3;0.5;1023.4;1014.6;0
08/01/23;9.8;12.4;14:14;7.8;08:49;8.6;0;5.9;4.2;35.3;18:56;239;12.4;9.8;7.8;96;90;80;21.9;4.2;0;1015.6;1007.8;5.8
09/01/23;7;9.3;00:05;3.8;13:37;11.3;0;9.3;16.2;52.9;13:06;265;9.4;7.1;3.9;94;89;84;29;16.1;5.1;1027.1;1012.9;8.6
10/01/23;8.3;11.9;13:24;6;07:50;10;0;0.8;4.4;37.4;01:09;309;;;;;;;;;;;;
11/01/23;8;9.9;17:15;5.7;06:40;10.3;0;4.4;7.2;35.3;15:43;274;9.9;8.2;5.7;96;90;80;18.8;8;0;1032.2;1024;4.3
12/01/23;7.9;11.4;15:17;5.2;06:03;10.4;0;0;4.1;26.3;00:01;274;11.3;7.9;5.2;96;89;78;16.4;4.2;0;1032.5;1026.1;0
13/01/23;8.8;12.8;14:51;6.5;04:00;9.5;0;0.5;6.3;33.1;09:56;271;12.8;8.8;6.5;95;89;77;18.2;6.3;0;1029.5;1025.7;0.5
14/01/23;8.6;11.9;15:22;5.1;07:53;9.7;0;0;2.9;13.3;11:43;123;11.9;8.6;5.2;94;86;69;6.6;2.9;0;1029.1;1017.9;0
15/01/23;6.3;8.6;00:15;3.8;23:41;12;0;2.6;8.1;31;14:37;274;8.6;6.3;3.8;94;88;82;17.1;8;0;1023;1016.6;2.5
16/01/23;4.9;6.8;14:10;3.3;01:21;13.4;0;13.9;10.2;50.8;04:50;233;6.8;4.9;3.3;95;88;68;26.4;10.3;1.1;1016.9;996.6;14
17/01/23;4.4;6.8;12:44;2.3;22:08;14;0;11.6;15;55.1;14:34;244;6.7;4.4;2.4;96;92;85;33;15;0.2;996.6;989.5;11.7
18/01/23;2;4.4;14:13;0.1;21:02;16.4;0;2.3;11;46.4;00:36;271;4.3;1.9;0.1;95;88;69;24.3;10.9;1;1013.9;996.3;2.3
19/01/23;1.7;4.7;14:29;-0.1;03:23;16.6;0;14.4;6;33.1;07:40;306;4.6;1.7;-0.1;96;93;88;15.6;6;0.5;1016.9;1003.4;14.5
20/01/23;0.9;2.7;14:58;-0.1;23:58;17.5;0;1.8;8.4;39.6;08:37;303;2.6;0.9;0;97;90;79;18.2;8.4;3.7;1025.7;1008.5;1.8
21/01/23;-0.1;1.2;17:15;-1.1;02:47;18.5;0;0.3;9.2;46.4;17:28;309;1;-0.4;-1.1;96;93;82;18.3;7.6;1.1;1025.7;1022.7;0.3
22/01/23;-1.4;-0.4;00:08;-1.8;22:55;19.7;0;0;13.4;41.8;12:24;288;-0.4;-1.4;-1.8;90;88;84;19.8;13.7;6.4;1030.5;1026.4;0
23/01/23;-1.2;-0.6;23:40;-1.8;02:00;19.5;0;0;12.9;37.4;17:35;273;-0.6;-0.9;-1.8;93;92;87;18.7;13.7;5.8;1029.8;1027.4;0
24/01/23;0.5;2.7;15:00;-0.7;00:21;17.8;0;0;4;33.1;00:23;281;2.7;0.5;-0.7;94;89;80;17.2;4;0;1033.5;1028.4;0
25/01/23;-0.5;0.4;15:40;-2.3;06:51;18.9;0;0;3.9;19.8;14:49;291;0.4;-0.6;-2.3;95;92;85;11.3;3.9;0;1033.5;1028.1;0
26/01/23;0.4;1.5;15:13;-0.3;01:25;17.9;0;1;7.9;28.8;20:56;293;1.5;0.4;-0.3;97;93;88;15;7.9;1.1;1027.8;1021;1
27/01/23;0.5;2.3;20:24;-1.3;07:55;17.8;0;0.3;12.7;41.8;19:16;278;2.3;0.5;-1.3;95;89;83;22.7;12.7;5;1022;1019.3;0.3
28/01/23;1.9;3.6;15:17;1.3;08:05;16.4;0;0;9;35.3;01:15;298;3.6;1.9;1.3;92;83;71;15.9;9;2.3;1027.4;1021.3;0
29/01/23;2.5;5.3;11:46;1;07:57;15.8;0;0;5.9;24.1;00:24;290;5.3;2.6;1;88;79;67;13.8;6;1.6;1031.5;1027.1;0
30/01/23;2.5;4.9;13:56;1.3;08:00;15.8;0;0;6.7;24.1;11:30;298;4.8;2.5;1.3;81;75;67;13.8;6.6;1.6;1034.2;1030.8;0
31/01/23;4;7.3;15:14;1;04:04;14.4;0;0;5.4;26.3;00:16;288;7.3;4;1.1;94;87;77;15.9;5.5;0;1034.9;1032.5;0
01/02/23;6;8.5;13:00;5.2;21:26;12.3;0;0.3;5.2;28.8;22:27;293;8.4;6;5.2;95;87;78;14.2;5.3;0;1034.9;1031.8;0.3
02/02/23;5.8;9.9;14:29;2.5;08:25;12.5;0;0;3.8;22;13:16;319;9.8;5.8;2.5;85;75;60;9.5;3.9;1;1035.9;1033.5;0
03/02/23;4.7;8.9;15:48;1;06:51;13.6;0;0;2.8;19.8;21:07;318;8.8;4.7;1;89;78;66;11.3;2.7;0;1036.9;1034.5;0
04/02/23;4.3;7.8;16:50;0.7;05:36;14.1;0;0;4.6;35.3;21:31;299;7.7;4.3;0.7;91;83;73;20;4.7;0;1038.6;1034.9;0
05/02/23;5.6;8.2;15:45;3.3;01:30;12.8;0;0;8.1;33.1;18:42;286;8.2;5.6;3.3;93;88;77;17.7;8.2;1.4;1040.3;1035.2;0
06/02/23;5.9;10.8;13:44;1.6;06:48;12.4;0;0;3.4;19.8;00:15;327;10.8;5.9;1.7;83;72;58;8.9;3.4;0;1035.2;1029.1;0
07/02/23;4.5;6.6;13:44;2.2;03:20;13.8;0;0.3;7.5;43.9;16:24;92;6.6;4.5;2.2;86;78;72;24.6;7.6;0;1032.2;1026.4;0.3
08/02/23;5.7;10.4;12:19;3;07:09;12.7;0;0;7.2;31;04:36;80;10.4;5.7;3.1;77;68;57;15;7.2;2.3;1032.2;1029.8;0
09/02/23;6.7;11.4;12:52;4.1;05:55;11.6;0;0;5.6;26.3;11:42;142;11.4;6.7;4.1;71;63;50;16.9;5.6;0.6;1038.6;1031.8;0
10/02/23;4.9;10;14:24;0.7;07:05;13.5;0;0;1.7;22;13:20;322;10;4.9;0.7;87;69;48;6.8;1.8;0;1040.3;1036.9;0
11/02/23;6;12.2;14:50;0.6;07:05;12.3;0;0;3.4;19.8;22:54;96;12.2;6.1;0.6;73;62;48;8.7;3.4;0.2;1038.3;1032.8;0
12/02/23;7.7;14.2;14:24;3.2;02:45;10.6;0;0;4.3;22;09:25;104;14.2;7.7;3.2;66;51;35;9.5;4.3;0;1034.5;1031.5;0
13/02/23;8.6;15.8;14:30;3.2;05:49;9.7;0;0;5.4;26.3;21:56;68;15.8;8.6;3.2;73;49;32;13.2;5.3;0;1035.6;1032.5;0
14/02/23;9.5;15.4;13:15;5.7;06:34;8.8;0;0;7.2;33.1;21:49;75;15.4;9.5;5.8;77;65;49;15.6;7.2;1.3;1034.2;1028.4;0
15/02/23;9.9;15.9;13:27;5.1;07:35;8.4;0;0;5.5;24.1;00:23;58;15.9;9.9;5.1;84;69;52;12.4;5.5;0;1031.2;1027.4;0
16/02/23;9.1;14.5;15:13;3.9;06:30;9.2;0;0;2.2;19.8;01:17;39;14.4;9.1;3.9;84;69;51;9.7;2.3;0;1032.8;1030.5;0
17/02/23;10.7;16.2;14:33;5.8;07:29;7.6;0;0;1.4;17.6;14:12;338;16.2;10.7;5.8;76;67;56;5.8;1.4;0;1034.9;1031.8;0
18/02/23;12.3;18;14:49;6.8;07:21;6.1;0;0;2.1;13.3;16:50;338;17.9;12.3;6.8;84;72;58;7.2;2.1;0;1033.2;1027.8;0
19/02/23;11.6;16.2;15:01;7.4;07:54;6.7;0;0.5;2.5;19.8;13:34;329;16.2;11.6;7.5;90;78;66;7.1;2.4;0;1031.2;1027.8;0.5
20/02/23;12.2;18.4;14:26;7.2;05:18;6.1;0;0;3.7;24.1;23:08;88;18.4;12.2;7.3;91;73;48;13.4;3.7;0;1029.5;1022.7;0
21/02/23;11.7;16.8;12:51;8.2;07:15;6.7;0;0.3;4.5;26.3;00:39;102;16.8;11.7;8.2;84;73;59;14.5;4.5;0;1022.7;1017.6;0
22/02/23;10.3;13.2;14:43;7.9;08:06;8;0;0.3;3;17.6;03:49;228;13.2;10.3;7.9;93;88;82;10.1;3.1;0.2;1020;1016.9;0.5
23/02/23;7.9;12.1;10:05;5.5;20:34;10.4;0;0.8;4.2;35.3;12:27;346;12;7.9;5.6;97;92;77;19;4.2;0;1016.9;1007.8;0.8
24/02/23;5.1;8.3;00:10;2.9;06:33;13.2;0;3.6;3.8;22;01:19;1;8.1;5.1;2.9;95;88;77;12.4;3.7;0;1012.9;1007.8;3.6
25/02/23;3.9;6.1;14:25;0.8;08:04;14.5;0;0.8;3.5;26.3;23:44;269;6.1;3.8;0.8;93;88;82;15.6;3.5;0;1009.8;1005.4;0.8
26/02/23;4.2;8.5;14:27;-0.4;23:35;14.1;0;0.3;10.9;50.8;18:51;309;8.4;4.2;-0.4;90;68;35;22.5;10.9;3.4;1013.5;1005.8;0.3
27/02/23;-0.1;1;17:45;-1.9;06:27;18.5;0;0;8.4;31;00:00;275;1;-0.1;-1.9;89;77;60;15;8.5;3.4;1022;1012.5;0
28/02/23;1.5;6.1;14:04;-1.3;07:52;16.8;0;0;8.3;35.3;15:48;286;5.9;1.5;-1.3;82;67;51;20.9;8.4;0.5;1024.4;1021.7;0
01/03/23;1.8;6.1;15:47;-2.2;05:08;16.6;0;0;6.1;33.1;23:04;299;6;1.8;-2.2;74;62;50;16.9;6.1;0.2;1024;1017.6;0
02/03/23;2.6;5.2;15:53;0.4;04:27;15.8;0;0;5.4;31;00:38;273;5.2;2.6;0.4;79;72;57;17.4;5.5;0.2;1023;1019;0
03/03/23;4.9;9.9;15:04;1.9;03:54;13.5;0;0;5.9;28.8;20:17;299;9.8;4.9;1.9;81;68;52;14.5;6;0;1024.7;1021.3;0
04/03/23;5.7;10.3;15:26;1.8;08:40;12.7;0;0;6.2;26.3;11:31;289;10.3;5.7;1.8;78;67;55;13.8;6.1;0.5;1025.4;1021.3;0
05/03/23;6.3;11.7;15:02;1.1;06:52;12;0;0;3;24.1;14:04;289;11.7;6.3;1.2;83;69;55;11.3;3.1;0;1022;1012.9;0
06/03/23;4.9;8.6;15:31;1.5;06:48;13.4;0;0;2.7;24.1;15:19;344;8.6;4.9;1.6;84;72;64;7.7;2.7;0;1014.6;1011.5;0
07/03/23;6.2;14;12:11;2.7;08:42;12.1;0;4.6;4.5;26.3;13:55;0;13.9;6.2;2.7;94;80;58;12.7;4.5;0;1011.9;1004.4;4.6
08/03/23;12.2;19.7;15:04;5.4;03:05;6.1;0;0.3;4.7;28.8;22:53;171;19.7;12.2;5.4;94;79;60;12.7;4.7;0.6;1010.2;1005.1;0.3
09/03/23;13.3;19.2;15:42;10.2;07:35;5.1;0;12.5;5;33.1;19:40;206;19.2;13.3;10.2;92;80;57;22.7;5;0.3;1011.5;1005.4;12.4
10/03/23;11.6;15.2;14:13;9.5;03:03;6.7;0;6.7;16.4;61.6;06:06;269;15.1;11.6;9.6;92;81;63;36;16.4;0.5;1016.3;1009.8;6.6
11/03/23;13.4;15.5;04:23;10.8;00:00;4.9;0;10.1;18;55.1;04:37;275;15.4;13.4;10.8;95;89;77;32;17.9;0.6;1019.3;1011.9;10.2
12/03/23;12.9;16.7;15:33;10.2;06:28;5.5;0;3.1;4.5;31;00:09;336;16.6;12.8;10.2;97;89;78;12.6;4.5;0.2;1022;1017.9;3
13/03/23;15.9;24;13:52;9.1;23:57;2.4;0;13.4;6.8;52.9;20:58;139;24;15.9;9.2;90;78;54;22.7;6.8;0.3;1018.3;1003.7;13.5
14/03/23;9.3;12.1;14:08;7.9;15:11;9;0;4.4;16.9;72.7;05:48;272;12;9.3;7.9;91;85;72;38.6;16.9;2.1;1022;1012.5;4.3
15/03/23;10;13.7;15:57;7.8;06:10;8.4;0;0.5;9.1;39.6;01:24;289;13.7;9.9;7.8;94;83;66;20.9;9.2;0.8;1022.4;1018.6;0.5
16/03/23;12.5;19.3;13:01;7.3;01:55;5.8;0;0.3;6.4;31;23:37;95;19.3;12.5;7.3;81;62;46;12.7;6.4;1.4;1018.6;1011.5;0.3
17/03/23;12;14.7;16:43;10;23:32;6.3;0;0;11.9;46.4;01:07;99;14.6;12.1;10;83;73;67;27.4;11.9;3.7;1014.2;1010.2;0
18/03/23;11.2;15.4;14:32;9;06:25;7.1;0;4.4;5.9;33.1;18:51;94;15.3;11.2;9;90;81;70;17.2;6;0.2;1019;1012.9;4.3
19/03/23;11.5;15.8;13:18;9.3;00:00;6.9;0;4.4;7.5;31;23:10;274;15.7;11.4;9.3;94;85;71;19.2;7.4;0.2;1024.7;1019;4.3
20/03/23;10.7;15.5;14:06;7;06:00;7.6;0;0;2.8;17.6;00:03;330;15.4;10.7;7.1;93;74;55;8.9;2.9;0;1025.1;1020;0
21/03/23;11.4;16.6;15:55;5.9;07:31;6.9;0;0;2.5;15.5;13:32;15;16.6;11.4;5.9;85;70;54;7.4;2.4;0;1021;1017.9;0
22/03/23;15;22.9;15:10;8.6;06:19;3.3;0;0;4.1;22;20:25;98;22.8;15;8.6;78;60;36;10.3;4;0;1019;1012.5;0
23/03/23;15.6;22.9;14:53;11.6;06:09;2.8;0;0;5.3;33.1;19:11;87;22.8;15.6;11.6;83;65;51;10.8;5.3;0;1014.6;1010.5;0
24/03/23;12.9;19.2;12:42;9.3;23:52;5.4;0;0;5.8;35.3;15:56;316;19.2;12.9;9.3;90;78;65;14.3;5.8;1;1023.4;1011.5;0
25/03/23;13;18;13:20;9.2;01:47;5.4;0;0;5.1;22;01:59;291;17.9;12.9;9.3;83;65;49;13.7;5.1;0;1024;1015.6;0
26/03/23;11.4;15;14:57;8.7;23:58;6.9;0;2.8;16.1;74.9;19:17;266;14.9;11.4;8.9;91;73;51;43.8;16.1;1.3;1018.6;1014.2;2.8
27/03/23;9.8;13.1;13:57;7.8;23:56;8.5;0;0;9.8;43.9;00:25;306;13.1;9.8;7.9;89;75;58;24;9.8;0.3;1026.8;1017.9;0
28/03/23;11.8;19.9;16:01;4.6;07:29;6.6;0;0;4.1;19.8;07:20;95;19.8;11.8;4.6;81;59;37;11.3;4.2;0;1026.8;1021.7;0
29/03/23;15.7;25.6;15:42;7.8;07:34;2.6;0;0;3.8;22;05:14;146;25.5;15.7;7.8;73;56;37;12.2;3.9;0;1024;1016.9;0
30/03/23;15.1;20.4;15:06;9;07:05;3.2;0;0;4;22;06:10;32;20.3;15.1;9;92;72;56;13.2;4;0;1023;1016.3;0
31/03/23;13.1;15.3;17:09;10.3;23:56;5.2;0;0.3;12.2;70.6;17:15;268;15.2;13.1;10.4;86;74;57;30.7;12.2;1.1;1020.3;1015.2;0.3
01/04/23;9.2;13.8;13:25;6.4;23:30;9.1;0;7.2;16;68.4;17:30;263;13.8;9.2;6.4;91;82;60;31.1;15.9;6.6;1020.7;1016.9;7.1
02/04/23;8.8;12.4;12:55;6.3;03:25;9.5;0;1.8;12.2;46.4;13:31;295;12.4;8.8;6.3;94;85;70;22.9;12.2;6;1024.7;1019.3;1.8
03/04/23;9.5;13.6;16:33;7.3;07:40;8.8;0;0;9.2;43.9;23:05;301;13.5;9.5;7.3;91;79;64;17.4;9.2;4.3;1024.7;1017.6;0
04/04/23;8.5;13.2;15:46;2.9;07:32;9.9;0;0;7.2;37.4;22:16;297;13.2;8.4;2.9;88;68;50;19;7.2;0;1021.3;1017.9;0
05/04/23;9.4;15.6;16:59;3.3;07:27;8.9;0;0;5.7;28.8;03:47;288;15.4;9.4;3.3;89;61;37;15.6;5.8;1;1023.7;1019.3;0
06/04/23;11.8;17.5;15:35;6.7;05:13;6.6;0;0;3.5;24.1;17:40;283;17.4;11.8;6.7;64;49;32;10.3;3.5;0;1022.4;1019.6;0
07/04/23;13.5;19.2;16:15;7.4;08:04;4.9;0;0;3;28.8;17:49;298;19.1;13.4;7.5;66;49;36;8;3.1;0;1020.7;1015.2;0
08/04/23;14.2;20;14:27;8.2;07:39;4.2;0;0;2.6;17.6;06:29;12;19.9;14.2;8.3;58;43;24;10.1;2.6;0;1020;1017.3;0
09/04/23;15.4;22;14:29;8.7;06:59;2.9;0;0;2.4;17.6;07:38;20;21.9;15.4;8.7;60;43;29;8.2;2.4;0;1021.3;1018.3;0
10/04/23;15.1;20.5;15:22;9.8;07:00;3.2;0;0;4.2;28.8;22:15;278;20.4;15.2;9.8;74;60;44;13.8;4.2;0;1025.1;1021;0
11/04/23;14.8;19.5;16:14;12;07:46;3.5;0;0;4.8;26.3;01:34;296;19.4;14.8;12.1;87;71;53;12.7;4.8;0.3;1025.1;1016.6;0
12/04/23;11.8;17.2;13:23;7.5;23:43;6.6;0;4.1;5.9;57.2;15:47;285;17.1;11.8;7.5;90;78;66;21.9;6;0.2;1016.9;1011.2;4.1
13/04/23;6.7;10.3;13:07;4.5;05:42;11.6;0;8.5;11.7;41.8;15:35;266;10.2;6.7;4.6;94;87;69;23;11.7;3.5;1017.9;1015.2;8.6
14/04/23;9.4;14.8;16:40;5.7;04:45;8.9;0;10.1;11.2;57.2;17:55;269;14.6;9.4;5.8;95;90;71;31.2;11.1;0.6;1017.6;1009.8;10.2
15/04/23;10.6;14.2;15:55;7.9;09:10;7.7;0;5.4;15.1;55.1;14:40;296;14.2;10.6;8;94;76;53;24.9;15.1;8.5;1024;1014.9;5.3
16/04/23;10.5;15.5;14:33;5.7;06:55;7.8;0;0;11.1;39.6;12:51;296;15.4;10.5;5.7;91;70;51;19.8;11.1;2.6;1025.4;1021;0
17/04/23;10.8;16.8;14:35;5.3;07:12;7.6;0;0;4;26.3;17:12;309;16.7;10.7;5.4;74;63;52;12.9;4;0.3;1021.7;1017.3;0
18/04/23;12.6;19.3;13:50;6.2;07:31;5.7;0;0;2.3;15.5;13:52;299;19.3;12.6;6.2;82;63;46;6;2.3;0;1018.3;1013.9;0
19/04/23;16.2;24.1;14:52;9.9;06:43;2.2;0;0;4.7;31;06:54;91;24.1;16.2;9.9;70;54;36;10.9;4.7;0.2;1016.3;1011.5;0
20/04/23;16.7;24.5;14:17;10.1;04:48;1.6;0;0;2.8;24.1;15:23;301;24.4;16.7;10.1;67;52;37;8.2;2.9;0;1012.9;1006.8;0
21/04/23;16;23.3;13:29;10.7;06:50;2.3;0;0;6;39.6;18:11;112;23.2;16.1;10.8;80;67;53;13.7;6.1;0.2;1008.5;1005.8;0
22/04/23;14.2;16.3;15:54;11.2;23:59;4.2;0;1;4.7;37.4;00:17;74;16.2;14.2;11.4;90;80;65;20.3;4.7;0;1015.9;1005.4;1
23/04/23;12.4;21.2;13:31;8.8;06:05;5.9;0;4.1;3.6;39.6;14:31;262;21.1;12.4;8.8;93;85;53;18.5;3.5;0;1016.9;1011.9;4.1
24/04/23;12.6;16.5;16:10;10;03:41;5.7;0;0.8;6.5;31;06:31;296;16.4;12.6;10;93;85;71;15.6;6.4;0;1018.6;1016.3;0.8
25/04/23;12.3;15.3;16:26;10.8;19:27;6;0;8.5;3.3;26.3;08:27;317;15.3;12.3;10.9;96;91;84;12.4;3.2;0;1018.3;1014.9;8.6
26/04/23;14.4;18.3;15:00;10.8;01:36;3.9;0;1;1.4;13.3;17:27;283;18.3;14.4;10.8;93;89;80;4;1.4;0;1018.6;1016.6;1
27/04/23;19;24.9;14:36;14.2;07:50;0;0.6;0;2.1;15.5;23:00;40;24.8;18.9;14.2;92;78;62;6.1;2.1;0;1018.3;1014.2;0
28/04/23;19.6;27.5;14:26;14.2;06:40;0;1.3;0;3.2;24.1;20:48;101;27.5;19.6;14.2;78;69;58;7.9;3.2;0;1016.6;1012.9;0
29/04/23;16.5;20.7;13:26;13.2;06:51;1.8;0;4.4;3.3;24.1;15:44;299;20.7;16.5;13.2;93;85;72;9.5;3.4;0;1017.6;1014.2;4.3
30/04/23;14.9;19.3;16:41;13.2;23:53;3.5;0;15;10.9;39.6;13:44;280;19.3;14.9;13.3;96;89;69;16.9;10.9;4.7;1020;1016.9;15
01/05/23;14.4;18.7;16:58;11.5;08:22;3.9;0;0;9.2;39.6;15:22;302;18.6;14.4;11.6;92;81;62;17.2;9.2;1.9;1022;1019;0
02/05/23;15.5;21.3;16:53;9.7;06:55;2.8;0;0;3.7;28.8;15:03;331;21.2;15.5;9.7;89;68;47;7.9;3.7;0;1022.7;1019;0
03/05/23;18.6;27.5;14:27;11.6;06:55;0;0.2;0;3.5;26.3;23:50;87;27.4;18.6;11.7;73;54;38;7.7;3.5;0;1019.6;1013.5;0
04/05/23;19.2;25.7;14:23;13.3;07:35;0;0.9;0;3.8;28.8;01:49;108;25.7;19.2;13.3;80;65;54;10.8;3.9;0;1020.3;1014.2;0
05/05/23;19.1;25.5;16:06;14.5;06:11;0;0.8;0;2.4;22;04:44;13;25.5;19.1;14.5;81;66;54;9.2;2.4;0;1020;1016.3;0
06/05/23;20.7;29.8;14:19;13.6;07:28;0;2.3;0.3;3;22;19:04;135;29.7;20.6;13.6;88;68;36;10;3.1;0;1017.9;1011.2;0.3
07/05/23;16.7;21;17:24;13.9;09:00;1.6;0;2.8;5.3;26.3;01:33;307;20.8;16.8;13.9;91;80;60;10.6;5.3;1.4;1023.7;1017.9;2.8
08/05/23;15.8;20.3;15:49;12.2;07:20;2.5;0;0;5.1;26.3;13:48;320;20.2;15.8;12.2;90;76;61;10;5;0.2;1025.4;1022.4;0
09/05/23;15;19.1;11:51;13.1;23:52;3.4;0;15;5.4;39.6;21:55;278;19.1;14.9;13.2;93;83;69;17.5;5.3;0;1023;1019;15
10/05/23;12.9;17.7;15:46;10.6;06:30;5.5;0;3.9;9.4;39.6;02:08;299;17.7;12.9;10.6;91;81;61;16.4;9.3;4.5;1023.4;1020.3;3.8
11/05/23;11.8;16;16:43;9;23:29;6.5;0;2.3;6.9;35.3;16:54;300;15.9;11.8;9.1;91;82;59;14.5;6.9;2.7;1022;1016.9;2.3
12/05/23;11;16.5;15:13;8.6;05:51;7.4;0;12.1;6.5;26.3;15:27;296;16.3;11;8.6;93;85;65;12.2;6.6;1;1019.6;1015.6;11.9
13/05/23;11.7;16.1;13:13;9.6;07:02;6.7;0;17.8;5.5;26.3;00:52;304;16;11.7;9.7;94;90;72;11.9;5.5;0.2;1020.3;1018.3;17.8
14/05/23;13.4;19.4;17:24;10.8;01:57;5;0;3.9;8.7;43.9;18:37;286;19.3;13.4;10.8;95;85;60;16.1;8.7;3.1;1020;1015.6;4.1
15/05/23;13.9;18.6;18:23;11.4;01:07;4.4;0;2.3;10.4;41.8;00:03;294;18.6;13.9;11.4;92;82;61;20;10.3;4.2;1020;1014.6;2.3
16/05/23;13;17.3;14:27;10.9;06:00;5.4;0;0.3;10.4;46.4;14:38;307;17.2;13;10.9;91;77;55;17.7;10.5;4;1021;1016.3;0.3
17/05/23;12.7;18.7;15:59;7;06:24;5.7;0;0;7;35.3;17:06;317;18.6;12.7;7;77;62;48;14.8;7.1;2.9;1021.7;1017.6;0
18/05/23;12.2;16.2;14:38;9.5;07:10;6.2;0;0;4.7;22;13:35;286;16.2;12.1;9.6;75;68;58;11.1;4.7;0.2;1021.7;1020;0
19/05/23;12.7;16.7;14:24;10.8;07:00;5.7;0;0.5;6.6;37.4;23:38;271;16.7;12.7;10.8;86;77;67;16.9;6.6;1.3;1022;1017.9;0.5
20/05/23;14.5;21.1;15:47;9.8;06:20;3.8;0;0;4.2;31;00:23;281;21;14.5;9.8;86;73;52;15.6;4.2;0;1018.6;1013.2;0
21/05/23;13.9;16.5;18:38;11.9;08:14;4.5;0;5.2;1.8;19.8;00:04;272;16.4;13.9;11.9;90;85;75;10;1.9;0;1016.3;1014.2;5.1
22/05/23;16.3;21;16:56;13.3;04:51;2;0;2.6;1.4;13.3;16:49;345;20.9;16.3;13.3;93;87;74;6.3;1.4;0;1016.6;1014.2;2.5
23/05/23;17.5;23.2;15:41;13.7;06:34;0.8;0;0.3;1.8;17.6;22:23;282;23.2;17.6;13.7;93;83;67;6.4;1.8;0;1017.6;1014.2;0.3
24/05/23;16.5;20.7;17:53;14.3;05:52;1.8;0;6.7;2.3;19.8;22:20;308;20.7;16.5;14.4;93;85;73;6.8;2.3;0;1017.9;1014.9;6.6
25/05/23;16.5;22.2;15:18;12.5;07:44;1.9;0;0;4;31;05:24;235;22.1;16.4;12.6;91;79;58;12.1;4;0;1020.7;1016.3;0
26/05/23;19.9;27.6;15:29;13.8;01:28;0;1.6;0.3;2.6;17.6;05:44;78;27.5;19.9;13.8;87;69;47;6.4;2.6;0;1021;1017.3;0.3
27/05/23;22.5;29.4;15:58;16.1;05:03;0;4.2;0;1.8;13.3;05:31;66;29.3;22.6;16.2;74;57;44;6.3;1.8;0;1019.6;1014.2;0
28/05/23;22.4;30.3;13:58;16;06:57;0;4.1;0;2.2;17.6;19:17;350;30.2;22.4;16.1;72;55;38;7.4;2.3;0;1015.2;1009.8;0
29/05/23;20.3;28;15:58;15.4;06:09;0;2;0;2.2;33.1;16:25;41;27.9;20.3;15.4;78;65;45;12.9;2.3;0;1015.9;1011.9;0
30/05/23;21.3;28.6;14:14;15.9;03:48;0;3;0;2.8;15.5;19:56;227;28.5;21.3;15.9;78;65;48;7.7;2.7;0;1016.6;1013.5;0
31/05/23;18.4;26.2;13:17;15.3;20:55;0;0.1;7;3.3;28.8;17:32;201;26.2;18.4;15.3;89;77;63;9.8;3.4;0;1016.3;1013.9;6.9
01/06/23;19.7;25.9;14:57;14.9;05:54;0;1.3;1;3.8;22;17:39;109;25.8;19.7;14.9;88;73;52;10.5;3.7;0.5;1016.3;1012.9;1
02/06/23;20.2;27.1;13:10;16.2;06:04;0;1.8;0;3.1;22;03:02;43;27;20.2;16.2;75;66;49;8.4;3.1;0;1014.9;1012.2;0
03/06/23;20.3;27.1;12:11;15.6;06:20;0;2;1;2.2;19.8;14:04;55;26.9;20.3;15.6;79;70;53;5.8;2.1;0;1014.9;1012.2;1
04/06/23;20.4;28.4;15:13;15.4;05:51;0;2.1;0;2.6;19.8;00:04;62;28.4;20.4;15.4;84;71;49;6.3;2.6;0;1015.9;1012.9;0
05/06/23;21.3;28.5;15:05;15.6;07:06;0;3;0;2.6;24.1;18:09;22;28.5;21.3;15.6;80;65;45;7.2;2.6;0;1016.6;1012.5;0
06/06/23;20.3;29;15:17;16.8;07:02;0;2;35.9;2.6;26.3;18:03;82;28.9;20.3;16.8;89;74;50;12.7;2.6;0;1015.9;1012.9;35.8
07/06/23;20.9;26.9;13:43;16.4;06:10;0;2.5;0;4.1;22;04:39;68;26.8;20.9;16.4;86;73;57;7.9;4;0.5;1015.2;1011.2;0
08/06/23;21.6;27.3;13:52;17.8;04:21;0;3.3;0;3.8;19.8;00:20;86;27.3;21.6;17.8;86;72;56;9.5;3.9;1.6;1013.2;1007.8;0
09/06/23;20.1;23.7;15:00;16.4;23:43;0;1.7;1.8;3.2;19.8;00:43;34;23.7;20.1;16.4;86;79;70;10.3;3.2;0.2;1012.9;1006.8;1.8
10/06/23;21.6;27.9;15:36;15.7;05:27;0;3.3;0.3;2.4;19.8;16:37;327;27.8;21.6;15.7;90;72;49;6.1;2.4;0;1014.6;1011.5;0.3
11/06/23;22.1;28.1;15:34;17.9;06:38;0;3.7;0.5;2.5;31;18:06;295;28;22.1;18;86;74;56;16.3;2.4;0.2;1015.6;1012.5;0.3
12/06/23;;;;;;;;;;;;;;;;;;;;;;;;
13/06/23;;;;;;;;;;;;;;;;;;;;;;;;
14/06/23;;;;;;;;;;;;;;;;;;;;;;;;
15/06/23;;;;;;;;;;;;;;;;;;;;;;;;
16/06/23;;;;;;;;;;;;;;;;;;;;;;;;
17/06/23;28.7;32.8;15:23;21.4;23:58;0;10.4;0;3.2;33.1;23:04;149;32.7;28.7;21.6;65;45;36;13.7;3.2;0.6;1015.9;1011.2;0
18/06/23;23.5;30.5;14:36;19;07:05;0;5.2;1.8;2.9;28.8;00:08;65;30.5;23.4;19.1;90;75;54;12.7;2.9;0;1016.9;1010.5;1.8
19/06/23;22.1;27.4;13:13;19.1;05:38;0;3.8;1;4.6;28.8;20:39;101;27.3;22.1;19.1;85;70;44;12.4;4.5;0;1015.6;1010.2;1
20/06/23;23.1;28.4;15:25;18.4;06:41;0;4.8;0.3;3.3;24.1;02:08;49;28.4;23.1;18.4;82;72;43;12.9;3.4;0;1015.6;1009.8;0.3
21/06/23;22.6;27.2;16:05;18;05:45;0;4.2;3.4;2.6;28.8;02:17;16;27.2;22.6;18;93;80;66;14;2.6;0;1017.6;1013.2;3.3
22/06/23;21.3;25.9;15:32;18.6;06:33;0;2.9;0;5.5;33.1;17:37;289;25.8;21.3;18.6;91;80;62;14.6;5.5;0;1024.7;1013.2;0
23/06/23;21.3;26.7;17:02;17.1;06:27;0;3;0;4.3;24.1;00:06;317;26.7;21.3;17.2;91;76;52;11.7;4.3;0;1026.8;1023;0
24/06/23;24.3;30.6;13:55;18;06:32;0;6;0;1.9;13.3;01:21;335;30.5;24.3;18;80;59;39;5.6;1.9;0;1024;1016.6;0
25/06/23;26.3;33.5;15:06;20.6;06:53;0;7.9;0;3.7;26.3;22:10;322;33.4;26.3;20.7;79;53;36;11.1;3.7;0;1021.3;1016.9;0
26/06/23;21.6;24.6;16:15;18.9;05:09;0;3.3;0.3;5.4;24.1;00:00;289;24.6;21.6;18.9;90;78;67;11.7;5.5;1.6;1023.4;1021;0.3
27/06/23;22.9;28.2;16:04;18.6;06:31;0;4.6;0;4.4;26.3;17:06;320;28.1;22.9;18.6;80;64;43;10.9;4.3;0;1022.7;1017.9;0
28/06/23;23;29;15:15;17.3;06:28;0;4.6;0;4.1;22;22:19;309;29;22.9;17.3;75;59;40;7.6;4;0.2;1019.3;1015.6;0
29/06/23;22.3;28.1;13:14;18.1;06:32;0;4;9.8;3.9;26.3;20:46;287;27.9;22.3;18.2;86;65;49;11.6;3.9;0;1020;1015.9;9.9
30/06/23;18.4;22.6;14:58;15.6;07:47;0;0;3.4;9.7;43.9;15:46;284;22.4;18.4;15.7;91;77;59;23.3;9.7;2.4;1021;1018.3;3.3
01/07/23;18.5;22.5;17:13;15.8;06:18;0;0.1;0.5;9.8;35.3;15:24;281;22.4;18.4;15.8;92;80;70;16.9;9.8;3.4;1020.7;1016.6;0.5
02/07/23;19.8;24.3;16:40;16.9;06:53;0;1.4;2.3;5.8;31;00:49;302;24.3;19.8;16.9;93;82;66;12.2;5.8;2.7;1020;1017.9;2.3
03/07/23;20.9;25.9;15:37;15.1;06:42;0;2.5;0;4.1;24.1;12:44;329;25.8;20.8;15.2;86;69;55;8.5;4;0.6;1021;1017.6;0
04/07/23;22.4;28;13:33;17;06:23;0;4.1;0;2.7;24.1;22:59;313;27.8;22.4;17.1;82;68;51;9.5;2.7;0;1019.6;1016.3;0
05/07/23;21.3;26.3;16:20;17.1;07:15;0;3;0;3.5;26.3;00:25;298;26.3;21.3;17.1;85;70;54;10.5;3.5;0;1021;1017.6;0
06/07/23;24.5;32.5;14:18;18.1;06:33;0;6.2;1;2.7;17.6;20:54;103;32.4;24.5;18.1;82;63;43;7.9;2.7;0;1018.6;1012.9;1
07/07/23;24.3;33.8;14:20;18.3;23:59;0;6;9.5;4.6;43.9;20:46;103;33.7;24.3;18.5;90;65;41;23;4.7;0;1022.7;1011.2;9.7
08/07/23;25.5;33.1;14:10;18.2;00:04;0;7.1;0;3.4;31;00:33;66;33;25.4;18.2;89;67;49;12.6;3.4;1;1019;1014.6;0
09/07/23;26.8;32.9;13:51;20.5;07:49;0;8.5;0;4.8;24.1;12:51;327;32.8;26.8;20.6;77;60;49;12.1;4.8;0.6;1022.7;1016.9;0
10/07/23;27.8;34.9;15:25;21.2;06:57;0;9.5;0;2.1;15.5;02:11;306;34.9;27.8;21.2;82;68;53;7.2;2.1;0;1023;1017.3;0
11/07/23;28.3;35.5;15:14;22.7;06:49;0;9.9;0;2.7;26.3;23:29;210;35.4;28.3;22.7;75;64;49;12.9;2.7;0;1018.6;1012.5;0
12/07/23;22.8;26.4;15:06;19.9;07:15;0;4.5;0;5;26.3;18:06;314;26.4;22.8;19.9;81;70;59;10.1;5;1.8;1020;1016.9;0
13/07/23;22;26.6;16:45;17.9;07:41;0;3.7;0;4.7;28.8;13:45;323;26.6;22.1;17.9;85;63;39;10.5;4.7;1.4;1023;1019.6;0
14/07/23;25.3;35.7;15:04;16.6;06:30;0;7;0;2.4;24.1;21:41;85;35.7;25.3;16.6;73;53;35;7.7;2.4;0.3;1020.3;1010.5;0
15/07/23;23.3;30.2;12:35;18.6;23:35;0;5;0;4.1;33.1;18:21;284;30.2;23.3;18.6;84;73;58;13.2;4;0.3;1020.3;1010.2;0
16/07/23;22.6;29;16:17;17.5;06:57;0;4.3;0;3.5;22;12:34;334;28.9;22.6;17.6;86;63;40;7.1;3.5;1;1020.7;1015.9;0
17/07/23;24.9;32.3;15:45;17.9;06:49;0;6.6;0;2.6;19.8;13:13;350;32.2;24.9;17.9;73;58;41;7.2;2.6;0;1021;1017.9;0
18/07/23;29.5;39.2;15:10;22.4;05:27;0;11.2;0;4.2;28.8;21:18;326;39.1;29.4;22.5;75;56;33;11.1;4.2;0;1019;1013.5;0
19/07/23;23.2;28.2;15:41;19;07:10;0;4.9;1.5;6.1;28.8;00:55;307;28.1;23.2;19.1;88;66;44;13.7;6.1;1;1022.4;1017.3;1.5
20/07/23;23.7;31.3;15:48;17.5;06:23;0;5.4;0;4.1;28.8;23:51;309;31.3;23.7;17.6;82;62;39;11.6;4;0;1019;1011.5;0
21/07/23;21.3;25.6;17:57;17;07:11;0;3;0;5.8;31;16:28;310;25.6;21.3;17;78;62;46;11.4;5.8;1.8;1018.6;1015.2;0
22/07/23;22.6;30;15:51;16.6;07:22;0;4.3;0;3;19.8;00:36;302;29.9;22.6;16.6;84;62;42;11.3;3.1;0;1020;1016.3;0
23/07/23;26.2;36.1;15:40;19;06:24;0;7.8;0;2.5;17.6;19:48;65;36;26.2;19;70;56;36;6.9;2.6;0;1018.3;1010.2;0
24/07/23;21.3;26.2;15:51;17.9;08:27;0;2.9;0.3;4.4;26.3;08:38;309;26.2;21.3;17.9;90;78;60;10.1;4.3;0;1014.6;1010.5;0.3
25/07/23;18.9;22.1;16:14;16.5;06:42;0;0.5;0.3;9.1;39.6;15:55;289;21.9;18.8;16.5;88;68;45;17.9;9.2;3.1;1019.3;1014.2;0.3
26/07/23;19.9;26.1;15:49;14.8;06:44;0;1.5;0;4.5;28.8;00:47;306;26.1;19.8;14.8;83;67;48;14.2;4.5;0;1020.7;1016.9;0
27/07/23;24.6;34.1;15:36;17;05:16;0;6.3;3.9;2.4;41.8;22:30;138;34.1;24.6;17.1;84;62;35;20;2.4;0;1018.6;1009.8;3.6
28/07/23;22.9;28.8;16:55;17.5;05:08;0;4.5;1;2.2;31;00:02;185;28.8;22.8;17.5;87;72;55;14.6;2.3;0;1016.6;1013.2;1.3
29/07/23;26.1;35;15:06;19.8;07:06;0;7.8;0;3.5;24.1;19:53;328;35;26.1;19.8;80;63;42;10;3.5;0;1017.6;1011.9;0
30/07/23;22.6;27.6;15:59;18.7;07:40;0;4.2;0;5.8;31;15:50;323;27.4;22.6;18.7;82;65;45;11.9;5.8;1.9;1021.7;1017.9;0
31/07/23;22.6;29.1;16:50;15.7;06:59;0;4.2;0;5;24.1;02:00;306;29.1;22.6;15.7;80;59;38;10.9;5;0;1021.3;1015.2;0
01/08/23;21.5;26.4;17:12;17.6;05:05;0;3.2;1.3;7.5;41.8;16:27;276;26.4;21.5;17.6;85;72;52;20.6;7.6;0.6;1016.9;1012.9;1.3
02/08/23;23.6;32.3;15:47;18.2;06:41;0;5.3;0;5.2;39.6;16:36;290;32.2;23.6;18.2;86;68;44;16.6;5.1;0;1014.9;1008.5;0
03/08/23;20.5;26.6;15:39;16.4;23:55;0;2.2;0;8.5;46.4;16:00;297;26.4;20.5;16.5;78;63;40;19.5;8.5;2.7;1017.9;1013.5;0
04/08/23;17.8;22.2;16:04;14.8;10:11;0.6;0;2.6;10.8;41.8;15:54;299;22.1;17.8;14.9;90;71;47;16.9;10.8;3.7;1024;1017.9;2.5
05/08/23;18.4;24.6;16:35;13.6;07:38;0;0;0;9.2;37.4;21:28;300;24.5;18.3;13.6;87;67;45;16.4;9.2;4.3;1024.4;1017.3;0
06/08/23;18.1;22.5;17:48;15;05:18;0.2;0;1;8.6;33.1;00:39;309;22.4;18.2;15;90;63;42;15.1;8.5;2.3;1023;1020;1
07/08/23;19.3;26.3;16:55;12.2;07:04;0;1;0;3.4;28.8;12:29;325;26.3;19.3;12.3;78;56;36;9.8;3.4;0;1024;1019;0
08/08/23;22.2;29.7;16:50;14.9;07:40;0;3.9;0;3;28.8;11:52;333;29.7;22.2;14.9;67;43;20;7.4;3.1;0;1020.7;1016.3;0
09/08/23;25.7;33.8;15:58;17.2;06:35;0;7.4;0;1.8;15.5;14:14;5;33.8;25.7;17.2;53;33;18;4.8;1.8;0;1020;1015.9;0
10/08/23;25.7;31.5;15:24;19.3;06:54;0;7.4;0;6.7;31;19:06;285;31.3;25.7;19.4;69;50;32;13.7;6.6;0.3;1024;1014.2;0
11/08/23;25.4;33.5;16:53;18.1;06:57;0;7.1;0;2.6;22;00:03;314;33.4;25.4;18.1;84;60;37;10;2.7;0;1024.4;1019;0
12/08/23;27.5;35.8;15:28;20.6;06:25;0;9.1;0;2.1;15.5;14:44;269;35.7;27.4;20.6;71;53;37;5.8;2.1;0;1021.3;1017.3;0
13/08/23;27;34.8;14:00;21.1;07:15;0;8.7;0;2.4;15.5;13:22;119;34.7;27.1;21.1;83;64;43;6.6;2.4;0;1019.6;1013.2;0
14/08/23;26.4;33.7;16:10;21.4;06:21;0;8;0;3.4;22;13:33;78;33.6;26.4;21.4;84;67;46;7.7;3.4;0.5;1015.6;1011.9;0
15/08/23;26.2;33.6;16:06;20.3;08:09;0;7.9;0.3;3;22;21:02;206;33.5;26.2;20.4;86;68;50;12.2;3.1;0;1018.6;1013.9;0.3
16/08/23;25.3;31.4;17:22;20.4;07:35;0;7;0.5;2.5;13.3;00:15;200;31.3;25.3;20.4;87;70;52;7.2;2.6;0;1017.3;1014.2;0.5
17/08/23;26.7;35.4;15:13;20.7;05:26;0;8.4;0;2.8;17.6;17:25;110;35.3;26.7;20.7;81;57;34;8.9;2.9;0;1016.9;1011.9;0
18/08/23;28.1;37.7;15:00;21.2;07:30;0;9.7;0;3.3;28.8;15:32;72;37.6;28.1;21.2;58;43;27;7.6;3.4;0.2;1014.2;1010.5;0
19/08/23;28.6;36.2;15:16;22.3;07:45;0;10.3;0;2.9;15.5;16:29;333;36.1;28.6;22.3;62;51;39;6.9;2.9;0.3;1018.3;1014.2;0
20/08/23;30.9;39.2;15:42;23.6;06:45;0;12.5;0;2.7;19.8;21:46;323;39.2;30.8;23.6;71;51;30;8.9;2.7;0;1020.3;1016.9;0
21/08/23;30.3;38.4;16:25;23.2;07:37;0;12;0;2.1;13.3;09:39;329;38.4;30.3;23.2;77;54;29;4.3;2.1;0;1023.4;1016.3;0
22/08/23;31;38.5;16:34;24.1;07:10;0;12.7;0;2.9;15.5;16:51;291;38.4;31;24.1;75;52;35;6.8;2.9;0.3;1020.7;1015.6;0
23/08/23;33.5;42.5;14:55;26;06:52;0;15.2;0;1.7;13.3;21:20;157;42.5;33.5;26.1;72;46;23;6.3;1.6;0;1016.9;1012.5;0
24/08/23;33.8;42.7;15:20;27.9;07:38;0;15.5;0;4.1;26.3;11:55;125;42.6;33.8;27.9;49;36;23;12.6;4.2;0.6;1014.2;1010.2;0
25/08/23;24.2;29.7;00:00;20.6;08:52;0;5.9;0.3;4.2;26.3;02:05;302;29.7;24.2;20.6;89;70;38;11.9;4.2;0.3;1016.6;1012.2;0.3
26/08/23;20.1;24.3;14:08;16.8;23:27;0;1.7;19.3;2.7;22;21:30;338;24.2;20.1;16.8;89;78;62;11.1;2.7;0;1016.9;1011.9;19.3
27/08/23;16.8;20.9;16:49;13.6;06:04;1.5;0;8.5;7.3;39.6;19:15;312;20.9;16.8;13.6;93;78;53;16.4;7.2;0;1017.3;1013.2;8.6
28/08/23;17.8;23.5;16:17;14.3;06:18;0.5;0;0.3;12.3;50.8;16:30;307;23.5;17.8;14.3;89;69;40;21.7;12.2;5.3;1016.9;1012.5;0.3
29/08/23;17.2;21.2;16:52;14.4;07:02;1.1;0;0;9.8;37.4;16:01;296;21.1;17.2;14.5;85;71;56;18.8;9.8;4.3;1016.6;1013.5;0
30/08/23;17.7;23.3;17:33;13.9;06:55;0.7;0;0;6.8;37.4;23:14;292;23.2;17.7;13.9;84;71;54;18.5;6.8;1.4;1017.3;1013.2;0
31/08/23;19.6;25.6;15:00;14.5;04:37;0;1.2;0;3.8;33.1;00:08;300;25.6;19.6;14.5;88;68;46;14.2;3.9;0.5;1020;1016.9;0
01/09/23;23.3;32.8;14:41;16.6;06:09;0;5;0;3.4;31;23:04;104;32.8;23.3;16.6;74;58;28;9.7;3.4;0;1019;1012.5;0
02/09/23;22.6;28.7;13:07;19.2;23:55;0;4.3;0.5;5.7;35.3;11:48;100;28.6;22.6;19.3;89;70;54;18;5.6;0;1019.6;1013.2;0.5
03/09/23;23.7;30.4;15:17;19;00:12;0;5.4;0;6.6;39.6;23:01;100;30.3;23.7;19;73;50;32;17.1;6.6;1.4;1021;1017.3;0
04/09/23;28;33.3;15:50;24.2;07:41;0;9.7;0;9.3;43.9;13:43;66;33.3;28;24.2;38;27;17;18.7;9.3;3.7;1017.6;1012.2;0
05/09/23;27.9;34.4;13:37;23.1;23:55;0;9.6;0;4.4;39.6;03:29;93;34.3;27.9;23.2;53;38;24;15.8;4.5;1.1;1017.6;1013.9;0
06/09/23;25.4;32.3;13:46;21.5;07:37;0;7.1;0;4.9;26.3;15:46;119;32.2;25.4;21.5;62;46;32;13.7;5;0.8;1018.3;1015.9;0
07/09/23;25.9;33.5;14:48;21;05:33;0;7.6;0;5;33.1;13:51;113;33.4;25.9;21.1;49;37;24;15.3;5;0.8;1017.9;1015.2;0
08/09/23;26.2;34.1;14:10;21.1;06:23;0;7.9;0;5.2;26.3;16:41;97;34;26.2;21.2;47;36;23;13.8;5.1;0.3;1017.6;1014.9;0
09/09/23;26.3;34.6;14:20;20.5;06:35;0;8;0;4.8;19.8;02:26;73;34.4;24.4;20.5;48;40;24;9.2;5.1;1.6;1016.3;1014.6;0
10/09/23;25.6;34.3;15:44;18.5;08:20;0;7.2;0;3.6;22;17:49;69;34.2;25.7;18.5;56;38;28;12.2;3.5;0;1019.3;1014.2;0
11/09/23;24;31.3;15:53;19.1;04:43;0;5.6;0;3.3;31;03:59;32;31.2;23.9;19.2;74;50;27;15.1;3.4;0;1016.6;1011.5;0
12/09/23;20.5;22.4;17:57;17.7;23:05;0;2.1;3.4;2.9;19.8;21:09;328;22.4;20.5;17.7;91;82;74;8.2;2.9;0;1019;1014.2;3.3
13/09/23;20.2;24.9;16:03;17.6;05:29;0;1.9;0;4.4;24.1;13:55;306;24.8;20.2;17.6;93;78;57;9;4.3;1;1021.7;1018.6;0
14/09/23;21.6;27.8;15:09;16;08:15;0;3.2;0;1.9;15.5;15:32;342;27.7;21.6;16.1;88;67;44;7.2;1.9;0;1021.7;1015.9;0
15/09/23;23;29.6;14:25;18.5;23:39;0;4.6;1;7.8;48.6;19:33;114;29.6;23;18.5;83;61;43;24.8;7.9;0.2;1016.6;1009.1;1
16/09/23;22.8;30.9;14:45;17.4;04:25;0;4.5;0;4.8;28.8;21:20;97;30.8;22.8;17.4;89;73;47;13.5;4.8;0;1011.9;1009.1;0
17/09/23;24;28;11:25;20.7;22:35;0;5.6;0.3;7.7;43.9;14:48;115;;;;;;;;;;;;
18/09/23;22.5;29.3;15:32;18.5;23:59;0;4.2;0;4.3;31;17:03;336;;;;;;;;;;;;
19/09/23;20;25.4;15:14;15.9;08:30;0;1.7;0;3.8;19.8;04:42;302;;;;;;;;;;;;
20/09/23;20.7;26.8;14:48;17.4;04:41;0;2.3;0;3.8;22;09:55;79;;;;;;;;;;;;
21/09/23;18.5;27.9;12:55;14.8;23:45;0;0.2;2.5;4.2;35.3;14:45;347;28;23.9;20.7;80;70;58;25.3;7.7;0.5;1012.5;1008.1;0.3
22/09/23;15.5;19.8;15:45;13.3;00:00;2.8;0;0;8.4;33.1;12:30;267;29.3;22.5;18.6;87;65;38;11.9;4.2;0;1020.7;1011.2;0
23/09/23;14.9;20.2;14:55;10.8;07:45;3.4;0;0.3;4;19.8;15:10;320;25.4;20;16;84;67;47;9.8;3.9;0;1021.3;1016.9;0
24/09/23;18.3;26.1;16:50;11.7;06:25;0;0;0;1.8;11.2;15:50;26;26.6;21;17.5;67;60;50;10.6;4.2;0.6;1016.9;1008.8;0
25/09/23;20.6;28.3;16:13;13.7;07:25;0;2.2;0;2.1;13.3;16:55;46;28.2;20.8;13.8;60;43;26;5.5;2.1;0;1023.4;1019;0
26/09/23;22.6;29.9;14:52;17.1;07:40;0;4.3;0;3;19.8;03:46;172;29.9;22.6;17.2;63;45;30;7.2;3.1;0;1021.3;1019;0
27/09/23;23.3;31.7;14:12;16.2;08:01;0;5;0;2.9;19.8;13:39;129;31.7;23.3;16.2;79;52;24;9.2;2.9;0;1021;1015.9;0
28/09/23;23.5;32;16:05;17.4;08:23;0;5.2;0;2.6;15.5;01:17;179;32;23.6;17.4;80;54;31;7.6;2.6;0;1021;1015.9;0
29/09/23;23.2;29.7;15:23;17.8;08:07;0;4.9;0;3.7;19.8;21:48;327;29.6;23.2;17.8;73;59;43;8.4;3.7;0;1025.4;1021;0
30/09/23;23;29.4;15:23;17.7;07:13;0;4.7;0;3.1;24.1;16:05;340;29.3;23.1;17.7;83;64;45;7.9;3.2;0;1026.8;1022.7;0
01/10/23;24.5;33.2;14:44;18.7;07:33;0;6.2;0;2.7;15.5;17:38;97;33.2;24.5;18.7;75;56;32;7.2;2.7;0;1024.4;1020;0
02/10/23;23.4;29.8;15:26;19.6;08:15;0;5.1;0;3.7;19.8;08:57;89;29.7;23.4;19.6;76;54;44;8.5;3.7;1.3;1023;1019.6;0
03/10/23;20.2;24.8;14:36;17.3;05:07;0;1.9;0;4.5;31;16:13;318;24.7;20.2;17.3;89;79;60;11.1;4.5;1;1029.1;1021.3;0
04/10/23;19.2;24.5;14:23;14.5;08:52;0;0.9;0;3.4;19.8;12:35;332;24.4;19.2;14.6;92;62;30;8.5;3.4;0.5;1029.1;1025.1;0
05/10/23;19.7;26.8;15:05;13.8;06:55;0;1.4;0;2.3;15.5;02:24;3;26.7;19.7;13.8;60;46;36;6.3;2.3;0;1026.8;1023.4;0
06/10/23;21.4;28.4;14:51;14.9;06:22;0;3.1;0;2.5;17.6;14:55;347;28.3;21.4;14.9;55;42;27;7.6;2.4;0;1026.4;1023.7;0
07/10/23;21.8;29.1;16:03;14.8;07:56;0;3.5;0;1.8;11.2;12:27;341;29.1;21.8;14.8;58;40;20;5;1.8;0;1026.8;1023;0
08/10/23;22.9;31.1;15:21;15.9;07:15;0;4.6;0;2.2;13.3;14:06;123;31;22.9;15.9;51;37;24;5.5;2.3;0.2;1025.4;1022.4;0
09/10/23;22.5;30.3;16:39;15.2;08:35;0;4.2;0;1.8;13.3;03:13;337;30.2;22.5;15.2;53;37;21;4.8;1.8;0;1026.1;1021.7;0
10/10/23;22.6;29.8;15:55;15.8;08:31;0;4.2;0;1.6;15.5;14:36;319;29.7;22.6;15.8;61;45;29;5.1;1.6;0;1024;1019.6;0
11/10/23;22;29.8;15:27;15.6;07:27;0;3.6;0;1.9;15.5;20:35;188;29.8;22;15.7;69;53;35;5.5;1.9;0;1022.7;1018.3;0
12/10/23;21.9;29.2;15:17;16.3;03:51;0;3.5;0;2.8;15.5;03:17;103;29.2;21.8;16.3;84;65;38;8.2;2.7;0;1022.4;1018.3;0
13/10/23;28.1;29;15:03;27;16:54;0;9.8;0;5.5;19.8;16:38;106;28.9;28.1;27;50;47;45;8.7;5.5;3.5;1015.6;1015.2;0
14/10/23;19;22.9;15:18;16.3;23:33;0;0.7;1.5;3.1;31;17:05;324;22.8;19;16.3;88;78;60;12.2;3.1;0;1021.7;1019.3;1.5
15/10/23;14;17.9;17:15;10.7;09:41;4.3;0;0;3.8;22;01:26;331;17.9;14;10.8;82;73;48;7.7;3.7;1;1023;1017.9;0
16/10/23;;;;;;;;;;;;;;;;;;;;;;;;
17/10/23;19.1;21.7;17:06;18;20:25;0;0.7;0;4.5;19.8;19:29;81;21.7;19.1;18;82;77;66;7.7;4.5;2.6;1007.1;1005.4;0
18/10/23;22.1;26.7;15:10;18.8;02:00;0;3.7;2.1;4.5;26.3;17:14;68;26.6;22.1;18.8;83;71;56;12.4;4.5;0.6;1003.7;1000.3;2
19/10/23;17.1;19.2;22:00;16.2;23:35;1.2;0;2.3;7;19.8;23:14;337;19.2;17.1;16.2;92;86;71;10.5;7.1;3.5;986.1;984.4;2.3
20/10/23;16.2;19.4;14:33;13.6;18:55;2.1;0;8.5;6.2;55.1;16:11;243;19.4;16.2;13.6;91;80;61;27.8;6.3;0;996.3;983.4;8.6
21/10/23;13.8;14.7;20:00;12.8;23:00;4.6;0;0.3;4.3;22;20:17;311;14.7;13.8;12.8;66;61;56;10.3;4.3;0.3;1011.5;1009.8;0.3
22/10/23;14.3;19.1;15:02;10.3;07:43;4;0;0;5.8;26.3;15:05;105;19;14.3;10.3;73;63;48;13.7;5.8;1.8;1013.2;1008.1;0
23/10/23;18.5;23.1;12:08;15.8;21:46;0;0.2;0;7.7;70.6;10:07;152;23.1;18.6;15.8;74;69;63;33;7.7;0;1009.8;1000;0
24/10/23;14.4;17.6;16:14;12;06:52;3.9;0;2.1;3;24.1;14:25;318;17.6;14.4;12;94;78;61;8.5;3.1;0;1012.2;1007.8;2
25/10/23;15.6;18.2;15:24;12.5;08:26;2.7;0;1.5;4.4;28.8;15:00;238;18.2;15.6;12.5;86;78;66;12.6;4.5;0.5;1009.8;1007.1;1.5
26/10/23;14.9;17.8;14:08;12.8;23:55;3.4;0;17.3;4.2;26.3;15:59;340;17.8;14.9;12.9;94;90;77;10.9;4.2;0.5;1007.8;997;17.3
27/10/23;12.4;16.5;12:06;10.9;07:50;6;0;0;2.3;11.2;20:31;224;16.4;12.4;10.9;91;85;72;5.6;2.4;0.3;1008.5;1004.4;0
28/10/23;15.2;21.6;14:03;11.3;04:15;3.1;0;0;4.6;22;15:35;122;12.3;12.3;12.3;76;76;75;;;;;;
